id,domain,status,purchase_price,renewal_price,attractiveness,demand,length,registrar,created_at,expires_at,status_verified_at
2c747f44-8e66-4258-80ff-449bc8e10353,baldachin.engineer,available,40.98,52.98,medium,low,9,namecheap,,,21/09/2026 21:30
daca2900-4747-4c4f-ad6e-88029f2461cf,asura.engineer,available,40.98,52.98,medium,low,5,namecheap,,,20/09/2026 18:26
225a7cc4-2625-4ed6-a142-f788bb7c2acc,spartacus.engineer,available,13.99,,high,low,9,name.com,,,
9d2431fc-9ede-4580-b006-3ace087a0b10,balthazar.engineer,available,38.99,38.99,high,low,9,namesilo,,,22/09/2026 00:14
753260af-8ef4-4f2d-942d-2049940773fa,alterations.engineer,available,31.25,31.25,medium,low,11,spaceship,,,30/09/2026 15:39
2412b45a-2bcc-4aeb-ac80-e318113be45e,organ.engineer,available,9.78,31.41,high,low,5,porkbun,,,29/09/2026 17:54
f7e27338-88cf-4b79-8146-b8a3656f8a83,gastric.engineer,available,17.99,56.99,medium,low,7,name.com,,,18/08/2026 20:32
8f9f96c6-2db4-4967-b764-f282546e6549,bawdyhouse.engineer,available,40.98,52.98,medium,low,10,namecheap,,,21/09/2026 18:21
b4513d76-8220-4170-b0bb-bc7977075c19,dissimilar.engineer,available,17.99,56.99,medium,low,10,name.com,,,14/08/2026 12:48
b53bc2f9-ebd3-4b72-858e-08c8ad7f3df2,krubi.engineer,available,38.99,38.99,medium,low,5,namesilo,,,18/09/2026 22:48
88205766-1e16-40d7-9e99-a705c71a0a13,erected.engineer,available,31.25,31.25,high,low,7,spaceship,,,01/10/2026 22:38
f116be3a-53a9-459b-9609-8f7882ef260d,alinement.engineer,available,40.98,52.98,high,low,9,namecheap,,,18/09/2026 07:48
bf7a375b-e8b7-488d-9f9d-07de3ee83805,labor.engineer,available,30.2,30.2,high,low,5,cloudflare,,,28/09/2026 07:28
a7d5cb57-e11b-41b5-a6c0-19f6a4f4503f,procedures.engineer,available,40.98,52.98,medium,low,10,namecheap,,,18/09/2026 17:33
27f87566-e9d2-4e12-8a68-62a0f130e9a0,inflamed.engineer,available,17.99,56.99,medium,low,8,name.com,,,22/08/2026 04:27
f94a7998-4857-477d-b9c8-19d0d7862e36,gaines.engineer,available,38.99,38.99,high,low,6,namesilo,,,28/09/2026 04:15
c3992dcb-337d-4326-bab2-f80b5ec16a67,hamer.engineer,available,38.99,38.99,high,low,5,namesilo,,,01/10/2026 07:09
40a52707-7b65-4a44-a327-e4352200df69,racers.engineer,available,31.25,31.25,medium,low,6,spaceship,,,01/10/2026 18:02
39713620-41d1-4f94-b91e-585c2cff5e5f,tierce.engineer,available,17.99,56.99,medium,low,6,name.com,,,
12e091dd-d01c-4abb-ba1b-c27a6fb4dbee,plight.engineer,available,9.78,31.41,high,low,6,porkbun,,,30/09/2026 02:35
77d775a5-9c0b-4272-854c-3d6526e7b539,abroad.engineer,available,38.99,38.99,high,low,6,namesilo,,,21/09/2026 14:31
f7823056-4851-4651-8eec-deb3a0b3dc97,nantucket.engineer,available,30.2,30.2,medium,low,9,cloudflare,,,28/09/2026 19:57
850f8789-36a5-413c-b435-f7f066dd4c33,idly.engineer,available,38.99,38.99,high,low,4,namesilo,,,15/09/2026 01:38
3faaddce-90f2-4502-86c9-8fcabb08c63b,siberian.engineer,available,38.99,38.99,high,low,8,namesilo,,,27/09/2026 21:41
60318517-c541-4326-bfff-0623f9103bea,halsey.engineer,available,30.2,30.2,medium,low,6,cloudflare,,,28/09/2026 16:48
cc3cc098-5ba4-4e55-8308-086743b54671,badness.engineer,available,17.99,56.99,medium,low,7,name.com,,,08/08/2026 07:23
aa79e0cf-af7d-425e-b776-95e41558a843,wordless.engineer,available,38.99,38.99,medium,low,8,namesilo,,,03/09/2026 11:53
bcee1d26-3674-46ae-a239-d0adadd41093,disorder.engineer,available,38.99,38.99,high,low,8,namesilo,,,24/09/2026 22:27
af9e2e0f-859c-4c06-96a8-604c71fb2059,reciprocal.engineer,available,38.99,38.99,high,low,10,namesilo,,,09/09/2026 11:29
cb60ab73-efe6-4aad-ba2e-8d8c22b733bb,rigel.engineer,available,38.99,38.99,medium,low,5,namesilo,,,23/09/2026 10:56
88eb00ca-4421-4805-b6a1-0d2614385580,lomax.engineer,available,31.25,31.25,medium,low,5,spaceship,,,29/09/2026 22:37
7c880662-6a4b-4f10-aa2b-481462cea78d,branson.engineer,available,30.2,30.2,high,low,7,cloudflare,,,29/09/2026 17:54
6710ff2c-5a21-4906-ac4b-dba5392b82d0,calcutta.engineer,premium,71.4,71.4,high,low,8,namesilo,,,30/09/2026 00:56
f5806dd2-feb8-4bc1-9aae-5161404b049f,sexton.engineer,available,38.99,38.99,medium,low,6,namesilo,,,19/09/2026 10:22
00eb7206-5ec5-4d61-a56c-3f15289df23e,visualize.engineer,premium,71.4,71.4,high,low,9,namesilo,,,24/09/2026 16:39
9b9c1bcc-89a7-4dc3-abfb-a7c6d53b3cd8,gandhi.engineer,available,31.25,31.25,high,low,6,spaceship,,,29/09/2026 20:38
fdf8337d-25c7-4576-bc18-935b1451a4c8,movable.engineer,available,17.99,56.99,high,low,7,name.com,,,25/08/2026 08:56
21f62741-03f8-4832-96b5-ca9ad441a7a4,mothafucker.engineer,available,38.99,38.99,medium,low,11,namesilo,,,02/10/2026 05:20
362c7381-3021-4d7a-9f73-2f87e9088862,rebecca.engineer,available,40.98,52.98,high,low,7,namecheap,,,25/09/2026 10:16
b980c064-928d-4142-8118-cf77fbfc93c6,moran.engineer,available,40.98,52.98,high,low,5,namecheap,,,25/09/2026 14:09
5ccab49d-b1d8-4adf-bd0b-cf0f3abb06ca,frosted.engineer,available,17.99,56.99,high,low,7,name.com,,,18/08/2026 16:22
74a40bea-9c1f-428e-b410-1aaa73304980,oldline.engineer,available,38.99,38.99,medium,low,7,namesilo,,,04/09/2026 01:51
d44b0449-540c-47c3-8b16-3f2cf214a3d5,breathtaking.engineer,available,31.25,31.25,high,low,12,spaceship,,,01/10/2026 10:31
728f32f2-9f74-4961-a81b-4459fc882e0e,sunday.engineer,available,38.99,38.99,high,low,6,namesilo,,,29/09/2026 02:45
a184f448-681e-454f-9de3-e367f45bb3be,prices.engineer,premium,71.4,71.4,medium,low,6,namesilo,,,
1413d42f-3808-4476-8b1d-8a2f1b7384d6,lingering.engineer,available,9.78,31.41,medium,low,9,porkbun,,,30/09/2026 10:28
e3414d33-ef92-4802-8a1d-f61793fbe0e8,xeric.engineer,available,17.99,56.99,medium,low,5,name.com,,,13/09/2026 14:07
093441c3-7be5-4aae-af3a-ddc882c5e7c5,jocund.engineer,available,17.99,56.99,medium,low,6,name.com,,,22/08/2026 13:40
efcc33b0-acaf-4402-8428-d48d1750fe26,lourdes.engineer,available,30.2,30.2,medium,low,7,cloudflare,,,29/09/2026 09:34
821b9550-ac6a-4ede-830c-69d7ee20d13a,keynes.engineer,available,38.99,38.99,medium,low,6,namesilo,,,25/09/2026 23:18
0897ef0a-da65-44be-bb4d-60658ea51fc7,adapted.engineer,available,38.99,38.99,high,low,7,namesilo,,,21/09/2026 17:02
77e68e3a-8fff-4bfd-9e55-a350261be11f,islington.engineer,available,30.2,30.2,medium,low,9,cloudflare,,,30/09/2026 04:50
aa7a6f37-cdf6-4d48-a261-1358609df826,uneducated.engineer,available,17.99,56.99,medium,low,10,name.com,,,12/09/2026 08:53
6a3ccb11-ca77-46ff-8387-702653cbec0d,haze.engineer,available,31.25,31.25,high,low,4,spaceship,,,30/09/2026 01:51
97dff2bf-1037-4f83-97d7-0d114b23d9af,alary.engineer,available,17.99,56.99,medium,low,5,name.com,,,
5fccc7a6-6fda-44ce-bfcc-20ff0515c4c3,vaux.engineer,available,40.98,52.98,high,low,4,namecheap,,,01/10/2026 01:15
d1f4dd5c-4115-4655-b114-3c01ad74bd8c,resisting.engineer,available,31.25,31.25,medium,low,9,spaceship,,,28/09/2026 21:16
c565ded9-3e81-4071-90c4-846fe999c5b7,dreamy.engineer,available,17.99,56.99,high,low,6,name.com,,,14/08/2026 18:48
2fd776a8-eb33-4639-b285-22aeb874dfbd,idiom.engineer,available,31.25,31.25,high,low,5,spaceship,,,28/09/2026 22:21
78e2f1e1-04b1-458d-ba76-0ee3e3090c22,urgently.engineer,available,38.99,38.99,medium,low,8,namesilo,,,14/09/2026 12:07
a49c0f0e-366f-4abf-b999-6e86215fb37a,stored.engineer,available,38.99,38.99,medium,low,6,namesilo,,,28/09/2026 17:31
8352bf0c-2bc7-4546-bafc-2643ce2646a6,dorchester.engineer,available,40.98,52.98,medium,low,10,namecheap,,,27/09/2026 07:30
875d94e9-ee94-480d-9c51-00c2c7e7ce18,visits.engineer,available,38.99,38.99,medium,low,6,namesilo,,,28/09/2026 13:15
555322f3-e89a-44c8-a007-40f00d99ebb9,nescience.engineer,available,38.99,38.99,medium,low,9,namesilo,,,12/09/2026 14:26
50c84b08-54f7-40d8-8388-b207d92e48b4,brooks.engineer,available,40.98,52.98,high,low,6,namecheap,,,24/09/2026 10:47
aa80155a-000b-468a-ab65-0b8874d2c536,infield.engineer,available,38.99,38.99,high,low,7,namesilo,,,22/09/2026 10:07
c34fc15b-c2cc-4fcf-b3e9-faf012205dd5,waning.engineer,available,38.99,38.99,medium,low,6,namesilo,,,13/09/2026 08:04
a4f22a0e-3a24-492f-996a-20c2b0e3657a,playoffs.engineer,available,38.99,38.99,medium,low,8,namesilo,,,30/09/2026 15:19
3a8f0ba1-dc01-4e0c-be40-d3685d38edb9,negligible.engineer,available,38.99,38.99,medium,low,10,namesilo,,,03/09/2026 15:08
904f976b-c67e-42b1-9c6f-bd31ee6d73c7,heckler.engineer,available,38.99,38.99,medium,low,7,namesilo,,,21/09/2026 17:11
c7a170a8-92f1-4314-923c-a985fffa7c37,mimic.engineer,available,17.99,56.99,high,low,5,name.com,,,24/08/2026 23:29
23cb2958-546a-4074-9819-39d4843009a0,lissome.engineer,available,17.99,56.99,medium,low,7,name.com,,,23/08/2026 23:39
28bf5e74-ded7-4718-96a6-10c60e46df51,airscrew.engineer,available,38.99,38.99,medium,low,8,namesilo,,,17/09/2026 23:17
bf8679c6-8822-4ae1-9537-bd26d2b47c45,shortage.engineer,available,31.25,31.25,medium,low,8,spaceship,,,28/09/2026 18:53
1f8800e3-de58-4de5-a1a0-93fbe46897a4,untired.engineer,available,40.98,52.98,low,low,7,namecheap,,,12/09/2026 21:29
60ec6b7e-63be-4d43-9ec9-e388b15c22b7,vocation.engineer,premium,71.4,71.4,high,low,8,namesilo,,,30/09/2026 16:34
b262d4a5-ea0a-44b5-b6d8-6f60834b3680,threesome.engineer,available,17.99,56.99,high,low,9,name.com,,,
84549d39-d4ec-483f-a646-333851464ea4,dunedin.engineer,available,40.98,52.98,medium,low,7,namecheap,,,29/09/2026 03:53
648f04b9-8354-49fe-8afd-e8885820a91f,blemish.engineer,available,38.99,38.99,high,low,7,namesilo,,,24/09/2026 05:30
b0128a79-7df8-4a34-aedd-1b5466d32401,exothermic.engineer,available,17.99,56.99,medium,low,10,name.com,,,17/08/2026 17:46
2eac2db1-f550-4f82-b321-d779c9dc15db,eastbourne.engineer,available,31.25,31.25,medium,low,10,spaceship,,,02/10/2026 00:02
873354d1-419b-48ee-917c-52756c34e2d4,hooved.engineer,available,17.99,56.99,medium,low,6,name.com,,,21/08/2026 13:42
0d6a28ef-6d4d-4eee-9b78-f1f93b1e2d69,clonic.engineer,available,17.99,56.99,medium,low,6,name.com,,,12/08/2026 12:02
55caa058-78fb-440e-8830-b6ba50365f45,guantanamo.engineer,available,38.99,38.99,medium,low,10,namesilo,,,28/09/2026 09:58
8a825bd8-bfc1-454e-ab01-a81a3931c954,bounded.engineer,available,17.99,56.99,medium,low,7,name.com,,,10/08/2026 21:52
25f6c783-5480-454b-ad16-2861b8c47cfc,extravagant.engineer,available,38.99,38.99,high,low,11,namesilo,,,30/09/2026 03:34
4e79d28d-7d08-4c64-a6fb-f98f21df2b53,albion.engineer,available,38.99,38.99,high,low,6,namesilo,,,18/09/2026 02:58
d5c6bb51-404b-438c-9091-befdeea710fe,hinault.engineer,available,38.99,38.99,medium,low,7,namesilo,,,23/09/2026 09:48
10acf8ca-3c68-460c-8d0e-ff462c2ce8c1,disclosure.engineer,available,38.99,38.99,high,low,10,namesilo,,,27/09/2026 13:47
6ff4ca03-abc2-4129-8703-97c9106e727a,healer.engineer,available,31.25,31.25,high,low,6,spaceship,,,30/09/2026 01:51
a779f208-2415-4d4a-aeac-80fe1cdbf191,ruthful.engineer,available,17.99,56.99,medium,low,7,name.com,,,12/08/2026 23:40
d5bed106-bd8e-474b-8ce0-8e915a0a183c,hen.engineer,available,38.99,38.99,high,low,3,namesilo,,,23/09/2026 13:44
4415312a-d742-4af2-847c-8085f33b9ec0,toured.engineer,available,38.99,38.99,medium,low,6,namesilo,,,20/09/2026 05:39
0bd792e7-90de-44ff-b338-6cf9de519e87,donations.engineer,available,38.99,38.99,medium,low,9,namesilo,,,29/09/2026 17:05
168d1daa-682e-4e54-b2d0-e86077ee59c5,gentleman.engineer,available,38.99,38.99,high,low,9,namesilo,,,25/09/2026 06:26
0df513f5-8061-4bc1-b428-914e9ecad3f4,waver.engineer,available,17.99,56.99,medium,low,5,name.com,,,17/08/2026 21:37
613b5232-57ef-48c6-ba1b-e23ae3110044,quietly.engineer,available,40.98,52.98,high,low,7,namecheap,,,09/09/2026 08:49
cbef6125-15a9-49f5-8841-7178cb1ad4fb,hispanic.engineer,premium,71.4,71.4,high,low,8,namesilo,,,21/08/2026 09:44
5a24a48d-b9f3-45e1-8e8e-a065e3f85f6b,nnw.engineer,available,38.99,38.99,medium,low,3,namesilo,,,15/09/2026 16:52
2f3c858e-b7d5-4e8f-ad41-e45797bfc853,absinth.engineer,available,38.99,38.99,medium,low,7,namesilo,,,16/09/2026 17:44
b7f7e877-0e32-4356-a91c-0f87c26fa8bd,pile.engineer,available,17.99,56.99,high,low,4,name.com,,,25/08/2026 00:39
a770bf49-9304-4131-8954-c371a3e11f27,admiralty.engineer,available,40.98,52.98,medium,low,9,namecheap,,,17/09/2026 08:53
3872b571-3b74-4248-b2b2-b968b5c16e40,consistency.engineer,available,38.99,38.99,high,low,11,namesilo,,,29/09/2026 16:04
7ac1610e-9fb0-4888-9240-776e235d4c31,precambrian.engineer,available,40.98,52.98,medium,low,11,namecheap,,,29/09/2026 04:02
fa1ffa4f-9f9f-4998-9f32-c1d45c2ac6df,refulgent.engineer,available,17.99,56.99,medium,low,9,name.com,,,15/08/2026 16:26
50159d2a-7835-47b2-a91e-892e7e5d8710,peoria.engineer,available,38.99,38.99,high,low,6,namesilo,,,27/09/2026 04:58
1c1db7c6-2484-4c08-9d82-9b16ae41dedc,similar.engineer,available,17.99,56.99,high,low,7,name.com,,,
ee85a887-b4d4-4e91-a367-7cf51ada4bd5,dunes.engineer,available,38.99,38.99,low,low,5,namesilo,,,30/09/2026 15:48
08a3fadf-b417-4996-8d3f-7352a400d54b,tampico.engineer,available,38.99,38.99,high,low,7,namesilo,,,01/10/2026 04:00
cb07ac2b-4b31-445c-9a00-4b287988373b,shyly.engineer,available,38.99,38.99,medium,low,5,namesilo,,,13/09/2026 23:37
64256751-9be4-4eaa-a1e3-b4e968570444,selfworth.engineer,available,40.98,52.98,high,low,10,namecheap,,,29/09/2026 14:57
50bc1b54-5420-4bc8-9f68-c4a6b7d76e9b,fasten.engineer,available,30.2,30.2,high,low,6,cloudflare,,,30/09/2026 19:48
56369ae7-72c2-425d-82b5-e9d7f99d5399,orpin.engineer,available,17.99,56.99,medium,low,5,name.com,,,24/08/2026 08:00
ff652aa2-50a6-4435-86b4-e8b28aebb337,butterflies.engineer,available,38.99,38.99,high,low,11,namesilo,,,16/09/2026 12:02
87b8f567-4e30-4e83-9230-9ae385a2ddbd,tortoise.engineer,available,31.25,31.25,high,low,8,spaceship,,,30/09/2026 18:59
97631bd1-21d9-4720-b55c-1a385485c6e2,millions.engineer,available,40.98,52.98,medium,low,8,namecheap,,,25/09/2026 20:31
78c97298-dd30-4c94-bc5a-62ad99476705,unpaired.engineer,available,38.99,38.99,medium,low,8,namesilo,,,12/09/2026 15:30
f80991d4-f1ef-43e4-93a7-befeaaf781d5,linguistics.engineer,available,38.99,38.99,high,low,11,namesilo,,,30/09/2026 14:08
ddd4a552-3b2a-414a-8bd1-c20690c61e90,bettering.engineer,available,17.99,56.99,high,low,9,name.com,,,09/08/2026 18:11
0fe0dbde-b603-4bd6-a2c3-39c78a529247,decade.engineer,available,17.99,56.99,high,low,6,name.com,,,21/09/2026 10:56
202f635e-1b3f-4aa0-acdc-027f40e21712,parody.engineer,available,38.99,38.99,high,low,6,namesilo,,,23/09/2026 11:34
92d3bbf8-2dea-476d-bee2-e1fae19717f3,typhoon.engineer,available,30.2,30.2,high,low,7,cloudflare,,,29/09/2026 14:05
8e01a1f4-c01f-4327-a01a-212f695ddde3,necklace.engineer,available,38.99,38.99,high,low,8,namesilo,,,27/09/2026 14:59
a118b9de-5662-44ff-a01c-8acb31e8102a,vern.engineer,available,38.99,38.99,medium,low,4,namesilo,,,30/09/2026 22:22
1e5aeee7-f08f-474c-a120-f5e8a1443221,ferris.engineer,available,31.25,31.25,medium,low,6,spaceship,,,28/09/2026 22:04
f2ca5ff4-118f-4784-98cd-c3e9dfc3c0e6,dita.engineer,available,38.99,38.99,medium,low,4,namesilo,,,18/09/2026 14:25
7ba5722c-a14f-4fef-86d4-0b26d49619d5,details.engineer,available,38.99,38.99,high,low,7,namesilo,,,29/09/2026 14:12
467b77b4-1696-43fa-be86-b0e9c6b2221f,admissible.engineer,available,17.99,56.99,high,low,10,name.com,,,
108e61e1-b10b-4965-839b-c4f8c4520116,plunder.engineer,available,38.99,38.99,high,low,7,namesilo,,,01/10/2026 18:45
0e61edf1-972f-4aa6-badf-4cb7ac7f6f18,reprieve.engineer,available,38.99,38.99,high,low,8,namesilo,,,16/09/2026 14:08
14b1ff4d-8ee8-43b7-8f5c-4570dfeab7ec,unlocked.engineer,available,38.99,38.99,high,low,8,namesilo,,,12/09/2026 01:39
2faee793-2e8d-45b7-95cf-a28c2ce576a6,fervid.engineer,available,17.99,56.99,medium,low,6,name.com,,,06/08/2026 16:19
2b698da4-55ad-4ebb-9af1-375fb767320e,slab.engineer,available,40.98,52.98,high,low,4,namecheap,,,28/09/2026 20:30
616f91f3-f7f1-4560-8fe7-0600233df89f,polls.engineer,available,30.2,30.2,high,low,5,cloudflare,,,29/09/2026 07:53
87ae0326-b14f-4e01-adc3-4ad925b739f0,nasally.engineer,available,17.99,56.99,medium,low,7,name.com,,,15/09/2026 16:10
bf976afe-fb77-4341-b159-4e059667680b,overland.engineer,available,40.98,52.98,high,low,8,namecheap,,,04/09/2026 20:56
1281b9f2-7bb2-4238-8986-e9a19fedf7f3,finding.engineer,available,17.99,56.99,high,low,7,name.com,,,19/09/2026 14:57
feb057ae-34b7-4862-ab01-61b1e81165a6,chaff.engineer,available,17.99,56.99,medium,low,5,name.com,,,22/08/2026 13:50
5b0a1068-c73b-47f7-a29b-efb59f793004,inhabit.engineer,available,17.99,56.99,high,low,7,name.com,,,24/08/2026 07:51
f57e6d0a-646a-4788-b54e-8c82265153ac,ahriman.engineer,available,38.99,38.99,medium,low,7,namesilo,,,17/09/2026 20:33
6bdac22e-67bf-4c9d-9f47-3e11e6115429,capitalise.engineer,available,31.25,31.25,high,low,10,spaceship,,,30/09/2026 17:01
1acf9064-394c-486d-ad11-3e3cdec0b1dc,benne.engineer,available,40.98,52.98,medium,low,5,namecheap,,,23/09/2026 08:27
3320f71b-a33c-450d-8930-b5891c1b3ced,impulses.engineer,available,30.2,30.2,medium,low,8,cloudflare,,,30/09/2026 14:13
abbb0e4c-694d-4464-bf59-79a7fc0fc102,catching.engineer,available,17.99,56.99,high,low,8,name.com,,,11/08/2026 21:16
1244572f-6aaf-470f-9536-62c5195f953a,bounds.engineer,available,30.2,30.2,medium,low,6,cloudflare,,,29/09/2026 00:15
1cfd6cf7-526c-4bd6-ad3a-5afeddfa58fa,rest.engineer,available,38.99,38.99,high,low,4,namesilo,,,27/09/2026 12:11
b3c819d9-4753-4985-bf1b-70c438e6eda2,grasp.engineer,available,38.99,38.99,high,low,5,namesilo,,,19/09/2026 22:13
7d7255fe-f645-4b2c-9748-e3c07a89b2fb,cut.engineer,premium,71.4,71.4,high,low,3,namesilo,,,24/09/2026 04:08
ffdc85fd-d8cb-4660-adaf-6f350f45bf2e,sincerely.engineer,available,40.98,52.98,high,low,9,namecheap,,,28/09/2026 16:38
52f77300-782f-4b59-af08-0b57c3088619,talismanic.engineer,available,38.99,38.99,medium,low,10,namesilo,,,11/09/2026 07:30
dd7b50e0-7dc5-459c-86d0-3de8335b41a7,electrician.engineer,available,9.85,32.21,high,low,11,dynadot,,,30/09/2026 04:08
42befb71-c288-4b2a-bbf6-f86f47094543,azote.engineer,available,38.99,38.99,medium,low,5,namesilo,,,21/09/2026 11:27
a4b1142f-00e5-453e-bb11-023560371e4f,davison.engineer,available,38.99,38.99,high,low,7,namesilo,,,28/09/2026 04:10
b896b25d-9218-4f33-8152-3dcd0a1c860e,disciple.engineer,available,17.99,56.99,high,low,8,name.com,,,
75973193-42a6-4ac9-9c63-5162639d8e7a,courteous.engineer,available,38.99,38.99,high,low,9,namesilo,,,24/09/2026 00:40
281f7a93-da22-4a9e-a8bd-80ff2524e7fa,limburg.engineer,available,31.25,31.25,medium,low,7,spaceship,,,30/09/2026 23:06
3d6ba339-7451-43b9-8631-3ef72b3461da,fiddle.engineer,available,38.99,38.99,high,low,6,namesilo,,,29/09/2026 00:55
c7a5cb02-f0d3-443e-adb3-a3c9d03ba28d,knocking.engineer,available,17.99,56.99,high,low,8,name.com,,,25/09/2026 08:51
f131bb75-2d52-4b59-a570-08dad3456f41,patched.engineer,available,38.99,38.99,high,low,7,namesilo,,,08/09/2026 10:18
03e1509a-8bf6-4e8a-8129-c3db845277bd,effective.engineer,premium,71.4,71.4,high,low,9,namesilo,,,24/09/2026 13:31
89695b35-e290-4e64-8714-848456650578,adopted.engineer,available,17.99,56.99,high,low,7,name.com,,,
9da871be-0561-43b5-9f05-8be294de22cc,famed.engineer,available,17.99,56.99,high,low,5,name.com,,,11/08/2026 23:12
32f0bc6e-2fcc-4754-8efb-e1b3241e06cf,hawes.engineer,available,30.2,30.2,medium,low,5,cloudflare,,,29/09/2026 22:21
10593cd8-93bb-4e68-b9ce-ea793d7570b7,ardour.engineer,available,38.99,38.99,medium,low,6,namesilo,,,20/09/2026 03:15
12f03a50-ae20-459a-accb-738cca5c79e1,chambered.engineer,available,17.99,56.99,medium,low,9,name.com,,,12/08/2026 01:34
da08bf0b-68e6-4001-9775-7da9aa2aa56e,saintly.engineer,available,17.99,56.99,high,low,7,name.com,,,
26a8fcb6-635c-457c-be71-82a977c94ace,protected.engineer,available,38.99,38.99,high,low,9,namesilo,,,27/09/2026 07:42
9883fc77-6527-4461-884a-508c9a4a55d5,wineberry.engineer,available,38.99,38.99,medium,low,9,namesilo,,,20/09/2026 05:57
3c5ae233-0e4c-4b99-aed8-dc9dafdddfd4,hercules.engineer,available,9.85,32.21,high,low,8,dynadot,,,28/09/2026 20:10
0c4b9d20-9b8a-4d29-b8f8-2fbb424defbc,jackpot.engineer,available,30.2,30.2,high,low,7,cloudflare,,,30/09/2026 17:43
0d2c6f14-c4f9-488b-8049-22fde644180a,witnessing.engineer,available,38.99,38.99,high,low,10,namesilo,,,30/09/2026 12:14
e6696026-2ec0-4df3-a8f9-b3bf2c1815bf,engineered.engineer,premium,71.4,71.4,high,low,10,namesilo,,,29/09/2026 14:48
6efec8f2-dc99-4d64-bedb-9f722749d916,quit.engineer,available,38.99,38.99,high,low,4,namesilo,,,24/09/2026 13:22
9f9a1b52-2829-4a73-8416-21a8b0449268,maitland.engineer,available,31.25,31.25,medium,low,8,spaceship,,,28/09/2026 01:57
60823034-805e-47f8-a2c4-c8733f1ab783,spaces.engineer,premium,78,78,medium,low,6,namecheap,,,28/09/2026 17:55
fa68a1e5-d3d2-4e4f-86fe-0d6a1d0d226f,creations.engineer,available,67.99,67.99,high,low,9,godaddy,,,01/10/2026 00:49
e2b68308-b241-43a5-ba6e-85e0710ef603,netherlands.engineer,available,,,high,high,11,,,,
817d0ba3-e787-429e-bf3f-0d8f8928c815,peeking.engineer,available,31.25,31.25,high,low,7,spaceship,,,02/10/2026 01:04
c072f754-e823-40b5-877f-522d5aeb08e0,lodi.engineer,available,31.25,31.25,medium,low,4,spaceship,,,29/09/2026 15:13
fcab28a6-557c-483e-883b-e0fe5d190eaf,comrades.engineer,available,31.25,31.25,medium,low,8,spaceship,,,28/09/2026 13:07
1289779a-a10f-414f-be3b-9d2efbdb3d75,frameworks.engineer,available,30.2,30.2,high,low,10,cloudflare,,,28/09/2026 00:38
6374dd48-d494-4078-afa5-a50b4efa6385,billhook.engineer,available,40.98,52.98,medium,low,8,namecheap,,,23/09/2026 16:21
41e19fc4-0142-4daa-be1b-4bfe4656f384,flighty.engineer,available,17.99,56.99,medium,low,7,name.com,,,18/08/2026 08:11
aa67d894-5c78-4391-b043-cda57f18a161,implying.engineer,available,31.25,31.25,high,low,8,spaceship,,,01/10/2026 23:05
45551810-e0ce-401e-8131-fca1e7a6e854,lays.engineer,available,38.99,38.99,medium,low,4,namesilo,,,29/09/2026 05:27
c82eb0bc-eb61-43d3-b08f-c6c3685d9faf,corky.engineer,available,17.99,56.99,high,low,5,name.com,,,13/08/2026 01:23
2fbd16b4-a301-4858-bbde-35e4d2dc837a,milliliter.engineer,available,17.99,56.99,medium,low,10,name.com,,,11/08/2026 22:53
8eb1f48c-c055-43f5-b44a-8bb31f56b417,aberdare.engineer,available,38.99,38.99,medium,low,8,namesilo,,,16/09/2026 15:08
e1712a02-5d97-4388-866a-e83c3e6c89ab,discoveries.engineer,available,30.2,30.2,low,low,11,cloudflare,,,30/09/2026 06:23
76c9d44c-1270-4a9a-a6db-fb46d1788a13,maneuver.engineer,available,31.25,31.25,high,low,8,spaceship,,,29/09/2026 18:49
4ab95e6f-f0fb-406e-8b9a-c7da706ecc8e,rail.engineer,premium,62.3,62.3,high,low,4,spaceship,,,29/09/2026 20:10
45f754da-16ce-4a88-b244-0501c8ba90bd,measuring.engineer,available,38.99,38.99,high,low,9,namesilo,,,30/09/2026 04:12
d947a508-17de-4b23-b966-1aac45afa379,parvati.engineer,available,38.99,38.99,medium,low,7,namesilo,,,19/09/2026 02:21
37555d15-991b-4d53-9dcb-e009bb4c50cd,dusts.engineer,available,38.99,38.99,low,low,5,namesilo,,,21/09/2026 01:44
71dfc2ea-cd0f-4a1f-a099-f0f709866ef0,baked.engineer,available,17.99,56.99,high,low,5,name.com,,,
861eefc6-7993-4a0f-9734-7dc5d0b48d5e,coventry.engineer,available,38.99,38.99,medium,low,8,namesilo,,,22/09/2026 02:09
c1ad4ba0-4216-4906-9fc7-df48f81c043a,loquacious.engineer,available,17.99,56.99,medium,low,10,name.com,,,12/08/2026 03:22
16aceead-09af-421a-9782-da4890317a9d,technol.engineer,available,31.25,31.25,high,low,7,spaceship,,,30/09/2026 06:44
ac5cd9a0-bd73-40b2-af5e-c7464a42b00c,complementary.engineer,available,38.99,38.99,medium,low,13,namesilo,,,01/10/2026 05:07
c89ddf1a-44a1-47a6-b42c-603a13718ac6,cesar.engineer,available,38.99,38.99,medium,low,5,namesilo,,,30/09/2026 05:33
df220bad-a249-4e8a-b627-87b75e9cffe8,reminded.engineer,available,38.99,38.99,medium,low,8,namesilo,,,18/09/2026 03:00
75483659-8149-487a-8ecb-2bfdd0734fc4,damaging.engineer,available,17.99,56.99,medium,low,8,name.com,,,13/08/2026 16:05
9dc73135-016d-4659-8d78-74a7ec3b5831,bradbury.engineer,available,30.2,30.2,high,low,8,cloudflare,,,28/09/2026 13:35
750e351f-8e14-4031-a927-ef238dd6d238,applecart.engineer,available,40.98,52.98,medium,low,9,namecheap,,,19/09/2026 21:32
087ae7fb-68b5-4287-a86a-53603f62b02f,trackable.engineer,available,17.99,56.99,high,low,9,name.com,,,11/09/2026 18:37
fa6c1d73-b2ca-4ded-96b1-9718bd56db44,queens.engineer,available,30.2,30.2,high,low,6,cloudflare,,,30/09/2026 09:00
765d83fb-0660-47cb-894f-acba1b1f9890,squarely.engineer,available,17.99,56.99,medium,low,8,name.com,,,18/08/2026 12:39
57e73ff0-bb8f-4ff4-a1ca-75ffebca6ff8,babu.engineer,available,40.98,52.98,medium,low,4,namecheap,,,21/09/2026 12:51
f9b10e65-954e-4b0b-8d5c-a238293df22c,besom.engineer,available,38.99,38.99,medium,low,5,namesilo,,,23/09/2026 10:25
dd1df2e5-fec6-4bf8-a2d5-7502a2e67929,sewers.engineer,available,38.99,38.99,medium,low,6,namesilo,,,01/10/2026 16:30
b62d5611-4f3b-494a-a2fe-35012fb2302e,dutchess.engineer,available,40.98,52.98,high,low,8,namecheap,,,29/09/2026 21:34
e4e53856-773e-45e4-b3c9-808e3be5c170,flynn.engineer,available,38.99,38.99,high,low,5,namesilo,,,25/09/2026 15:37
99f42e6d-1c43-43ce-aff1-64bccd6ec1c3,alhambra.engineer,available,38.99,38.99,high,low,8,namesilo,,,18/09/2026 07:18
1a503495-f132-4e53-b656-e8935173b2f4,commanding.engineer,available,38.99,38.99,high,low,10,namesilo,,,23/09/2026 15:41
1f83c805-dd09-46c6-a577-da6dcf28511c,guerrero.engineer,available,38.99,38.99,high,low,8,namesilo,,,28/09/2026 04:07
2d920400-5aaa-4ef8-a40d-0f9feb7f5925,characteristic.engineer,available,13.99,,medium,low,14,name.com,,,
064e3823-d18d-465b-a9b3-4b628f2348e9,commandments.engineer,available,38.99,38.99,medium,low,12,namesilo,,,30/09/2026 07:22
e6e8cdba-42c0-44c4-b455-e97436d01b50,dogs.engineer,available,38.99,38.99,high,low,4,namesilo,,,17/09/2026 11:22
b25afeb3-e31d-4082-adbc-e8fd0b6a4a17,cerulean.engineer,available,17.99,56.99,high,low,8,name.com,,,08/08/2026 03:10
e1a6478d-7f8e-44e6-9049-98406af34245,salmagundi.engineer,available,17.99,56.99,medium,low,10,name.com,,,25/08/2026 08:22
bb734f89-bc82-4717-a705-40128aeef334,prosaic.engineer,available,17.99,56.99,medium,low,7,name.com,,,21/08/2026 15:08
54c45c2b-a207-4d00-8c23-021657e1e66d,tries.engineer,available,40.98,52.98,medium,low,5,namecheap,,,25/09/2026 19:53
0856cc7c-ac5b-4a40-bdcb-74c1db4f8e66,lunches.engineer,available,40.98,52.98,medium,low,7,namecheap,,,20/09/2026 07:45
ef1718a3-596f-4d45-9737-33d48d8a1d87,bunchy.engineer,available,17.99,56.99,medium,low,6,name.com,,,11/08/2026 09:55
fdf5e41b-d6e4-4c09-8627-f50c087767dd,defunct.engineer,available,17.99,56.99,medium,low,7,name.com,,,13/08/2026 23:55
7563d281-2d85-4457-80b8-4dd33e1e5f63,cretaceous.engineer,available,17.99,56.99,medium,low,10,name.com,,,13/08/2026 06:22
f4d95a50-d804-4066-99f0-f5fd0919ef5b,infante.engineer,available,31.25,31.25,medium,low,7,spaceship,,,01/10/2026 06:11
f5940209-94a4-466d-b6a9-2c9f2376fe04,samuelson.engineer,available,38.99,38.99,medium,low,9,namesilo,,,01/10/2026 08:08
39be3cfa-4a7b-4dab-ad7a-bd2a792a410c,sneezewort.engineer,available,38.99,38.99,medium,low,10,namesilo,,,17/09/2026 00:38
49c7fb50-cc99-498a-b957-820bcfd6a480,sigmund.engineer,available,9.85,32.21,high,low,7,dynadot,,,28/09/2026 11:40
3b544a37-0fbc-46f4-ab8d-f2041d5da96d,stomachic.engineer,available,17.99,56.99,medium,low,9,name.com,,,18/08/2026 20:37
07760f03-f237-4d3f-9b96-05bc823caf91,aspheric.engineer,available,17.99,56.99,medium,low,8,name.com,,,07/08/2026 04:52
e18c5b36-507d-4109-8869-a429f6f19b77,lucille.engineer,available,38.99,38.99,medium,low,7,namesilo,,,28/09/2026 21:59
a0c5fbf3-4987-41d1-89d0-1de710d3cff5,alcazar.engineer,available,38.99,38.99,medium,low,7,namesilo,,,18/09/2026 03:51
24e4a719-4b27-4206-992d-c5ccc41d9d29,unlivable.engineer,available,38.99,38.99,medium,low,9,namesilo,,,12/09/2026 14:57
91e537f4-6395-4daa-a5f2-c7c48e655140,nicaea.engineer,available,38.99,38.99,medium,low,6,namesilo,,,02/10/2026 04:51
10b6d99f-ee97-46b6-be3d-787dbbe87247,defining.engineer,available,38.99,38.99,high,low,8,namesilo,,,10/09/2026 06:00
633e09d8-7975-41cb-8ae3-aa35779e122c,tamely.engineer,available,38.99,38.99,medium,low,6,namesilo,,,16/09/2026 07:53
c2267b7b-e86a-4b65-9324-4beac0d818c3,stimulant.engineer,available,17.99,56.99,high,low,9,name.com,,,17/08/2026 16:30
9616ec0f-f5c8-4b20-a33a-e415ff981676,beastly.engineer,available,17.99,56.99,medium,low,7,name.com,,,09/08/2026 04:54
889e7580-6cb4-40e7-b81c-19e6976fe32b,resonance.engineer,available,31.25,31.25,high,medium,9,spaceship,,,01/10/2026 21:17
b3534768-8f46-4613-8a69-cdbf3a436a4d,overcast.engineer,available,17.99,56.99,high,low,8,name.com,,,12/08/2026 12:29
d7c96777-ab3a-40e5-859f-bc22a2d7783c,nevertheless.engineer,available,38.99,38.99,medium,low,12,namesilo,,,28/09/2026 22:40
67a32ccc-75f4-40b9-8914-ed4f0b0d19cd,rhode.engineer,available,38.99,38.99,high,low,5,namesilo,,,25/09/2026 15:06
3bf2eb39-7c8e-4a2c-9012-840a77f0bb8a,mind.engineer,resell,,,high,medium,4,Dynadot Inc,09/06/2025 15:15,09/06/2027 15:15,26/09/2026 07:33
c20d8f4c-b442-42f5-89b5-9c055d6ef2f9,confessed.engineer,available,31.25,31.25,medium,low,9,spaceship,,,28/09/2026 04:56
023124f8-bcc1-493e-b031-986e8af56b04,isd.engineer,available,30.2,30.2,high,low,3,cloudflare,,,30/09/2026 15:03
00578387-ea68-4cc9-bddb-ae4f16b7008a,hats.engineer,available,38.99,38.99,high,low,4,namesilo,,,18/09/2026 07:32
2ed6ab83-417e-4735-997e-828d8252eaa0,competitive.engineer,available,40.98,52.98,high,low,11,namecheap,,,28/09/2026 07:17
58e15325-0c24-4a0b-b73f-ec276c7c6ea5,jailed.engineer,available,38.99,38.99,medium,low,6,namesilo,,,19/09/2026 04:16
24d4d1dd-33a7-48da-91de-c356673a2efd,cana.engineer,available,30.2,30.2,high,low,4,cloudflare,,,01/10/2026 23:47
2c7f0a09-3533-4f1c-bbfd-b983751b4246,airflow.engineer,available,38.99,38.99,high,low,7,namesilo,,,17/09/2026 22:13
2a79d58c-dec7-49d6-87f2-f42b9b6b8203,ravaged.engineer,available,17.99,56.99,medium,low,7,name.com,,,14/08/2026 04:29
9682af42-cc7d-4273-98ff-5b67f5a5673b,artaxerxes.engineer,available,38.99,38.99,medium,low,10,namesilo,,,20/09/2026 10:06
f2b6f3aa-cbef-4fee-8527-26f2d640f370,fight.engineer,available,40.98,52.98,high,low,5,namecheap,,,24/09/2026 17:58
1ec6e634-500e-4e6b-bb9f-23db3ee40e7a,scrape.engineer,available,38.99,38.99,high,low,6,namesilo,,,16/09/2026 16:59
cafc38a9-7dc7-4d9d-ae80-d6eda3778a89,raines.engineer,available,38.99,38.99,high,low,6,namesilo,,,01/10/2026 10:16
e7427660-1dde-488a-811c-45a69899a039,deft.engineer,available,17.99,56.99,high,low,4,name.com,,,13/08/2026 23:50
e97adda7-9eb4-4d88-a701-064f9b725e01,accountable.engineer,available,38.99,38.99,high,low,11,namesilo,,,29/09/2026 08:24
44105420-cc95-4074-85da-94f4cea7304a,unsugared.engineer,available,38.99,38.99,low,low,9,namesilo,,,12/09/2026 20:48
e77ae5dd-9ec6-418b-b2ca-942fb9bc75d8,gaily.engineer,available,40.98,52.98,medium,low,5,namecheap,,,14/09/2026 20:57
dbd51b56-b69c-4626-850f-9be81b7a3483,hefty.engineer,available,17.99,56.99,high,low,5,name.com,,,11/08/2026 02:48
e8238556-6e70-4705-a281-7df6d835c4c8,sever.engineer,available,31.25,31.25,high,low,5,spaceship,,,01/10/2026 04:12
d0c20e2b-616c-4957-8335-5094654a580d,murderer.engineer,available,38.99,38.99,medium,low,8,namesilo,,,25/09/2026 08:59
59c10dd8-4065-4954-b160-aceb45d7c405,stunner.engineer,available,17.99,56.99,high,low,7,name.com,,,22/08/2026 16:40
eb1cd40d-f7c2-413a-b94b-afd38022df80,dwight.engineer,available,31.25,31.25,medium,low,6,spaceship,,,28/09/2026 07:54
c215c700-6860-4e52-83ea-b5d560010c45,goal.engineer,available,31.25,31.25,high,low,4,spaceship,,,29/09/2026 14:09
b031edf6-6b11-4838-91e1-7b9c1bef49e7,gallipoli.engineer,available,38.99,38.99,medium,low,9,namesilo,,,29/09/2026 22:32
a48acd90-114e-4359-a035-f8b2aaf1b024,emptied.engineer,available,9.78,31.41,medium,low,7,porkbun,,,01/10/2026 00:20
61eff2d9-1b15-49c3-8aff-d10a56c88c4d,unsheathed.engineer,available,38.99,38.99,medium,low,10,namesilo,,,12/09/2026 19:47
471c037d-0928-47d0-a8aa-b1b22ff39b8c,vasily.engineer,available,38.99,38.99,medium,low,6,namesilo,,,30/09/2026 13:44
453f12dc-af08-4a97-8d92-099c2dcad95b,accretion.engineer,available,40.98,52.98,high,low,9,namecheap,,,16/09/2026 23:14
2c154383-ac10-49c1-8195-d185d1379039,beholder.engineer,available,38.99,38.99,high,low,8,namesilo,,,08/09/2026 16:20
27abda49-07be-4176-bd5a-16a8ba65b9c8,ahimsa.engineer,available,40.98,52.98,high,low,6,namecheap,,,17/09/2026 20:23
dc5877dc-f13f-4fbf-8817-b2f0ef3888e7,wah.engineer,available,9.78,31.41,high,low,3,porkbun,,,30/09/2026 03:50
76ad1f00-4b56-4ca8-bf25-a42b33627813,revenge.engineer,available,38.99,38.99,high,low,7,namesilo,,,25/09/2026 10:18
b3feef1e-eea6-40d2-b762-3f0c083a9cb4,buyers.engineer,available,9.78,31.41,medium,low,6,porkbun,,,29/09/2026 05:47
3d8fd367-1682-42eb-ac6a-2159d02efe7b,auspice.engineer,available,38.99,38.99,high,low,7,namesilo,,,21/09/2026 04:36
20ec0ff1-5fa4-43a5-b060-61d3942bed83,adscript.engineer,available,17.99,56.99,medium,low,8,name.com,,,
3bf0e293-beae-4059-80b2-9895d5060010,interest.engineer,available,38.99,38.99,high,low,8,namesilo,,,08/09/2026 14:02
10160d31-7a6a-4cc7-8aef-8e38c7fbf6c3,presidential.engineer,available,38.99,38.99,high,low,12,namesilo,,,27/09/2026 17:17
d9e594c1-82cc-425c-a9c2-001117ab2e70,responding.engineer,available,38.99,38.99,high,low,10,namesilo,,,28/09/2026 07:25
2c2309c7-4e49-4421-9f1c-693eb6207186,nis.engineer,available,31.25,31.25,high,low,3,spaceship,,,29/09/2026 14:58
b9181ec3-54ab-4e29-8496-986080b3b4b6,bucks.engineer,available,40.98,52.98,high,low,5,namecheap,,,25/09/2026 13:26
ac27f252-464c-49d8-8073-30d2925af23a,tess.engineer,available,38.99,38.99,medium,low,4,namesilo,,,28/09/2026 21:56
9cd60daa-23d2-4dc4-8b35-4e8d5f21c738,narayan.engineer,available,38.99,38.99,medium,low,7,namesilo,,,29/09/2026 15:24
8137d00f-7cef-4150-894c-f42a73d8b124,pds.engineer,available,67.99,67.99,high,low,3,godaddy,,,01/10/2026 01:00
6736a00c-e8a8-4953-9d9d-ba6eab1729cb,flashing.engineer,available,31.25,31.25,medium,low,8,spaceship,,,28/09/2026 19:14
b454cec6-1f7e-4546-896e-5175d87797b8,whoever.engineer,available,13.99,,medium,low,7,name.com,,,
31e3a405-6ffb-453f-894e-9933f3e23218,fundraiser.engineer,available,30.2,30.2,high,low,10,cloudflare,,,30/09/2026 17:25
7b5a72a8-8b08-4a1e-8d3c-c17370b4d33e,greens.engineer,available,30.2,30.2,high,low,6,cloudflare,,,29/09/2026 21:34
7f379ee5-d220-46f6-8975-47b68d0e2235,smack.engineer,available,38.99,38.99,medium,low,5,namesilo,,,13/09/2026 23:28
6a9f5c57-9415-4e8f-975c-d8c4249b2ba6,shortages.engineer,available,38.99,38.99,medium,low,9,namesilo,,,21/09/2026 03:14
3bf18ed8-5649-4bff-a559-11490c1748af,tetrad.engineer,available,17.99,56.99,medium,low,6,name.com,,,
14a64965-6d53-4b2a-ba4e-c076a85c25d3,photographer.engineer,available,38.99,38.99,high,low,12,namesilo,,,27/09/2026 06:12
d8d24771-b6ad-4b8b-9217-4aa6c0ced6be,dryer.engineer,available,40.98,52.98,medium,low,5,namecheap,,,29/09/2026 18:42
1c2e0f56-4166-4f6d-930c-9abbd5491520,coat.engineer,available,9.85,32.21,high,low,4,dynadot,,,29/09/2026 05:46
28eb870c-1a16-474a-b185-776418c0acf2,precipitation.engineer,available,9.78,31.41,medium,low,13,porkbun,,,02/10/2026 01:22
64a8cdc2-f267-497d-a5fe-7ee69ea3fa46,finals.engineer,available,17.99,56.99,high,low,6,name.com,,,18/09/2026 22:07
9748de3e-837c-46e2-abff-463eb6e4633f,quad.engineer,available,31.25,31.25,high,low,4,spaceship,,,29/09/2026 13:30
127df57f-eeef-463e-a54b-d7fc56379361,appointment.engineer,available,9.85,32.21,high,low,11,dynadot,,,30/09/2026 23:10
416b9164-1755-4e1e-94f5-3ef86aff04b6,typewriters.engineer,available,38.99,38.99,medium,low,11,namesilo,,,21/09/2026 07:13
c7a8ef72-ecbd-404c-92de-cc49d78c2730,conformity.engineer,available,38.99,38.99,high,low,10,namesilo,,,16/09/2026 15:32
1c91dad9-9524-40a4-8675-842d16eb2ec6,broad.engineer,available,38.99,38.99,high,low,5,namesilo,,,19/09/2026 06:03
3ab11404-4ab5-4bb0-9484-4de72069dd80,bipedal.engineer,available,17.99,56.99,high,low,7,name.com,,,10/08/2026 05:09
da8f8b37-b69e-413c-9ddf-041ede8a737d,treelike.engineer,available,17.99,56.99,medium,low,8,name.com,,,06/08/2026 14:01
569882aa-87ea-41e5-a6ed-5077b1adec2a,whalebone.engineer,available,40.98,52.98,medium,low,9,namecheap,,,21/09/2026 21:50
5c0666b4-f6bd-4f12-b9a5-cf273718e8dc,landes.engineer,available,9.78,31.41,medium,low,6,porkbun,,,01/10/2026 09:42
0dd99707-b845-4605-9926-3338d84396ba,birthing.engineer,available,40.98,52.98,high,low,8,namecheap,,,23/09/2026 21:07
7b4a133d-ea00-47d5-a500-0e056e787317,burgundy.engineer,available,30.2,30.2,high,low,8,cloudflare,,,29/09/2026 06:09
26047e20-23d7-437a-88e8-8a283d2e027c,additional.engineer,available,40.98,52.98,high,low,10,namecheap,,,21/09/2026 17:14
fec2a842-175e-45cf-b73b-c8ffe26f627c,annulus.engineer,available,38.99,38.99,medium,low,7,namesilo,,,19/09/2026 03:40
c4f6bd5f-0724-421a-8cda-e7289f0634cd,priority.engineer,available,38.99,38.99,high,low,8,namesilo,,,19/09/2026 12:40
e13f3e17-0465-41dd-b0df-bfb29d59420a,badmouth.engineer,available,17.99,56.99,medium,low,8,name.com,,,24/08/2026 14:04
e2c8685c-9305-4e7f-b781-15eb488db35e,terrorist.engineer,available,38.99,38.99,medium,low,9,namesilo,,,25/09/2026 10:50
c38254a6-c9b9-43cf-bdb0-ba03a07d86d4,commotion.engineer,available,40.98,52.98,high,low,9,namecheap,,,24/09/2026 16:36
ff85f23b-2d91-43e3-825b-665c41df75dd,feels.engineer,available,38.99,38.99,high,low,5,namesilo,,,01/10/2026 09:54
65d04ce8-07ac-4de3-b481-53763138d406,emergencies.engineer,premium,62.3,62.3,medium,low,11,spaceship,,,29/09/2026 16:56
5a044ef3-aa85-4b7a-a84f-e5be93fd4982,rolled.engineer,available,17.99,56.99,high,low,6,name.com,,,18/08/2026 18:46
73a4bd0e-965c-4185-ad55-d3caff649984,nullity.engineer,available,17.99,56.99,medium,low,7,name.com,,,13/09/2026 06:33
7e60ee61-6740-40ff-bcc8-4b329ddf6669,volunteered.engineer,available,30.2,30.2,medium,low,11,cloudflare,,,28/09/2026 09:06
b5dccfb7-8494-40a8-8062-65b4ee45eef5,jacqueline.engineer,available,38.99,38.99,high,low,10,namesilo,,,29/09/2026 03:58
914fad82-d9b8-45dc-b95e-05fbf2579db9,asunder.engineer,available,17.99,56.99,medium,low,7,name.com,,,07/08/2026 10:20
8f3bc4a4-d782-4834-8971-d3fd694d19f1,foxily.engineer,available,38.99,38.99,medium,low,6,namesilo,,,14/09/2026 09:04
29bf83a0-cea5-4a60-b33c-3bfcd4f453bc,amends.engineer,available,38.99,38.99,high,low,6,namesilo,,,18/09/2026 18:41
a5d7ac95-178e-4cf2-a2fc-c4fb5a2535eb,actaea.engineer,available,38.99,38.99,medium,low,6,namesilo,,,17/09/2026 04:11
f2942b5d-7681-4f0f-a684-53b86357b400,fooled.engineer,available,38.99,38.99,low,low,6,namesilo,,,29/09/2026 04:52
d56982e2-aaba-4759-b482-393d33bc398a,python.engineer,premium,1300,1300,high,low,6,namecheap,,,29/09/2026 13:44
4e87e7a9-1396-4aa8-aba2-02fa6882f2ef,hijacking.engineer,available,9.78,31.41,medium,low,9,porkbun,,,01/10/2026 19:58
32c6b9f0-7dcd-4846-a29c-aee1c6de41ed,abseil.engineer,available,38.99,38.99,medium,low,6,namesilo,,,16/09/2026 17:39
cdbfbb63-15d4-4a9c-95ed-ceac9c74c4b8,cloves.engineer,available,38.99,38.99,medium,low,6,namesilo,,,17/09/2026 13:15
45efec49-1839-4aa3-a294-ba1fb960cc7a,outlaws.engineer,available,38.99,38.99,medium,low,7,namesilo,,,30/09/2026 07:41
6b593db9-ea94-4c84-bbd6-ce9042a66ab4,injection.engineer,available,38.99,38.99,high,low,9,namesilo,,,28/09/2026 06:02
a5ef16b8-6654-4245-9989-f6e75f062524,mccarthy.engineer,available,38.99,38.99,high,low,8,namesilo,,,25/09/2026 08:04
1806ee46-fa69-4524-9dae-eeca4b5d77da,attempting.engineer,available,31.25,31.25,medium,low,10,spaceship,,,28/09/2026 12:29
3beb542d-f52f-43b1-b16c-b60f46e0864b,epistolary.engineer,available,17.99,56.99,high,low,10,name.com,,,17/08/2026 11:14
07fbd3a2-3d3d-479c-a1ce-865a5e668466,yields.engineer,available,31.25,31.25,medium,low,6,spaceship,,,01/10/2026 17:44
3968ed39-7c21-4946-b519-0b0627144b82,portable.engineer,available,38.99,38.99,high,low,8,namesilo,,,27/09/2026 04:40
bce653a5-6ee9-4b66-b9a4-2359cdb8ede3,paternal.engineer,available,17.99,56.99,high,low,8,name.com,,,
d3074f2d-516e-405a-9c86-25bf3f17a6a3,orville.engineer,available,9.85,32.21,high,low,7,dynadot,,,29/09/2026 09:46
ad07969f-8158-49d1-aaef-2e2bb97b7c0a,seduced.engineer,available,31.25,31.25,low,low,7,spaceship,,,02/10/2026 03:11
d41bf93a-c3cb-4ee0-9512-907603506390,admonition.engineer,available,17.99,56.99,medium,low,10,name.com,,,17/09/2026 09:03
678c20cc-1282-413a-b681-4577157d4d6a,meade.engineer,available,38.99,38.99,high,low,5,namesilo,,,27/09/2026 04:12
5a7cbd97-db71-4a4c-a2b4-74524b009bfd,groom.engineer,available,30.2,30.2,high,low,5,cloudflare,,,27/09/2026 12:02
b2c817a1-58d4-4a22-a344-0819b7e5b38d,airman.engineer,available,40.98,52.98,high,low,6,namecheap,,,17/09/2026 13:10
2cba4bb0-d4a2-4a84-b64b-6d7ead88a992,tails.engineer,available,9.85,32.21,high,low,5,dynadot,,,29/09/2026 16:50
19d9e4d9-1d84-46d8-9de8-3501720715f3,fuzzy.engineer,available,38.99,38.99,high,low,5,namesilo,,,22/09/2026 23:28
dd5390a1-b44a-4fa5-908d-5791b92d3dc8,fluorine.engineer,available,40.98,52.98,medium,low,8,namecheap,,,21/09/2026 00:03
d904df48-3d30-4002-a87e-2cd318a2c811,actinism.engineer,available,38.99,38.99,medium,low,8,namesilo,,,17/09/2026 04:50
477741f2-c4fb-4043-9588-521d2c64162c,infantry.engineer,available,38.99,38.99,high,low,8,namesilo,,,29/09/2026 13:08
499c254e-453d-4c8a-a4c3-99c45b251cbe,memorial.engineer,available,40.98,52.98,high,low,8,namecheap,,,27/09/2026 14:53
1461e4e5-22d7-42f6-8800-e47ede6ae665,tessa.engineer,available,38.99,38.99,high,low,5,namesilo,,,30/09/2026 04:17
6d082cf3-caba-4f5f-9171-1dcbfd167b4f,dsm.engineer,available,9.78,31.41,medium,low,3,porkbun,,,29/09/2026 04:10
10f81a8b-18ca-4de6-8cd3-82ae6fd77217,sashay.engineer,available,38.99,38.99,medium,low,6,namesilo,,,11/09/2026 05:14
9c732802-62fc-400e-b29a-6b22d3a24f11,nimiety.engineer,available,17.99,56.99,medium,low,7,name.com,,,17/08/2026 16:13
9c278ac5-dd8e-461e-b5eb-23d915a241f7,dumb.engineer,available,17.99,56.99,high,low,4,name.com,,,14/08/2026 21:03
f251e247-7b1a-490a-af80-4e5a89121790,tricks.engineer,available,40.98,52.98,medium,low,6,namecheap,,,25/09/2026 17:54
c370bc68-e992-48c6-8f90-6804b9fdaab9,designed.engineer,available,38.99,38.99,high,low,8,namesilo,,,24/09/2026 06:34
ea5dcfeb-43cd-47e7-9bc8-b02ca9d54057,leucine.engineer,available,30.2,30.2,high,low,7,cloudflare,,,01/10/2026 20:19
43092a0d-aad2-49ad-b336-bf8cb2947c7a,attosecond.engineer,available,38.99,38.99,medium,low,10,namesilo,,,21/09/2026 02:11
f28c0e08-ce01-4a2c-bea4-e577ca63a7a9,somesing.engineer,available,13.99,,medium,low,8,name.com,,,
815e425e-0ae9-48aa-a728-48bb73b9d907,courses.engineer,premium,78,78,high,low,7,namecheap,,,
51b1c79f-60ab-445a-be02-a6ee73fe345a,cupidity.engineer,available,38.99,38.99,medium,low,8,namesilo,,,21/09/2026 08:48
34475fcc-d6d3-48f8-b4a4-22c502843ef4,reside.engineer,available,38.99,38.99,high,low,6,namesilo,,,24/09/2026 23:25
b1299df7-9af1-4177-8617-2c437f4004f6,pressure.engineer,available,40.98,52.98,high,low,8,namecheap,,,24/09/2026 23:12
ec5d6028-1d95-4afa-bfd5-49b431bcfec8,recognizes.engineer,available,38.99,38.99,medium,low,10,namesilo,,,29/09/2026 11:34
e1e88be0-4441-4acf-b9dc-df9c09ecc56f,swastika.engineer,available,40.98,52.98,medium,low,8,namecheap,,,29/09/2026 21:59
2e26a036-8a9c-4bf9-800d-7c9bfc574ce4,camped.engineer,available,38.99,38.99,medium,low,6,namesilo,,,01/10/2026 00:22
4fd75188-cd38-4e74-93a1-78490510102a,clustered.engineer,available,17.99,56.99,medium,low,9,name.com,,,
1cad2a61-d737-441a-97bd-81fa7c68abe8,panicky.engineer,available,38.99,38.99,medium,low,7,namesilo,,,05/09/2026 00:54
a2ca9c60-a994-416a-9e58-adb47151e5fa,bunco.engineer,available,38.99,38.99,medium,low,5,namesilo,,,14/09/2026 07:59
84baecf8-b188-4b6b-ac2c-274ad723eba7,piffling.engineer,available,17.99,56.99,low,low,8,name.com,,,18/08/2026 03:35
6d2cc0d9-d3c2-43de-a5f5-d9aae5e63a63,admissions.engineer,available,9.78,31.41,medium,low,10,porkbun,,,29/09/2026 11:17
e3c1706b-9880-431a-9fbd-3f4462fe4331,prurient.engineer,available,17.99,56.99,medium,low,8,name.com,,,24/08/2026 11:58
ca718948-a25f-4e14-8777-505d4674b623,aave.engineer,available,38.99,38.99,medium,low,4,namesilo,,,16/09/2026 13:38
5d2c7205-98b6-49d4-bf99-ba4606cc1b82,encountered.engineer,available,31.25,31.25,low,low,11,spaceship,,,28/09/2026 23:17
afa7e48b-1099-4280-bc91-c9094610a9b0,informed.engineer,available,38.99,38.99,high,low,8,namesilo,,,25/09/2026 09:34
39a98fac-5fd4-4bb9-9f1b-6ebd7d6d653d,heartsick.engineer,available,17.99,56.99,medium,low,9,name.com,,,11/08/2026 05:30
748d81b8-10c0-45d2-b8fd-7ef81e10cc1c,lallygag.engineer,available,38.99,38.99,medium,low,8,namesilo,,,11/09/2026 08:33
11874c15-ecf9-4f59-b417-7883815d2dd5,steroidal.engineer,available,40.98,52.98,medium,low,9,namecheap,,,10/09/2026 20:19
ed59735f-9a9b-4d12-a2e6-be45c2ee78ff,shiner.engineer,available,40.98,52.98,medium,low,6,namecheap,,,24/09/2026 00:40
0fddddcf-5d55-421b-9c2a-4d1e95fa358a,geothermal.engineer,available,17.99,56.99,high,low,10,name.com,,,18/08/2026 22:39
3087c8ad-2ec4-420c-b77f-163228d589d8,apios.engineer,available,38.99,38.99,medium,low,5,namesilo,,,19/09/2026 17:25
ffae514d-1b50-4bff-94c6-127c8e346464,emergent.engineer,available,17.99,56.99,high,low,8,name.com,,,16/08/2026 14:17
67ae6011-da04-427b-a4ef-2d8cb45b6aa4,pdp.engineer,available,30.2,30.2,high,low,3,cloudflare,,,28/09/2026 21:36
a0f3da38-f298-41a6-8c39-37021de6b85a,beard.engineer,available,,,high,low,5,,,,22/09/2026 21:01
8cbf3ecc-98ba-4c2c-9537-ae8f56fb268c,whiny.engineer,available,38.99,38.99,medium,low,5,namesilo,,,09/09/2026 08:37
9c4e1492-92d1-451c-a066-0718a78eafb1,crashes.engineer,available,9.85,32.21,low,low,7,dynadot,,,29/09/2026 05:45
513f00a0-ed8b-478f-a939-4ff2c44c6bef,henceforth.engineer,available,38.99,38.99,medium,low,10,namesilo,,,15/09/2026 00:15
e9790890-14d5-40d4-8a0f-00c8a2af32e7,renal.engineer,available,38.99,38.99,medium,low,5,namesilo,,,09/09/2026 13:51
9d6b2360-0577-4b1c-9836-17f098513973,outbreak.engineer,available,31.25,31.25,medium,low,8,spaceship,,,28/09/2026 15:00
cb912f7f-55e0-4a73-a55a-10623c483cee,richards.engineer,available,38.99,38.99,high,low,8,namesilo,,,25/09/2026 07:42
d2d4305c-005e-40e7-9004-2dba691d2626,honest.engineer,available,17.99,56.99,high,low,6,name.com,,,21/08/2026 13:19
c115e8ea-c73b-4c72-b8aa-27a4c5012c7f,stopped.engineer,available,38.99,38.99,high,low,7,namesilo,,,28/09/2026 01:05
1baadc9a-4b1a-4caa-b04b-320cc325cf41,bivalvia.engineer,available,38.99,38.99,medium,low,8,namesilo,,,23/09/2026 23:16
6cb0b27c-f780-48fb-8bb5-7f1316729c61,halfway.engineer,available,17.99,56.99,high,low,7,name.com,,,11/08/2026 23:56
41c9f3e2-af33-4374-ae3d-4115b8fcec0d,stick.engineer,available,9.85,32.21,high,low,5,dynadot,,,29/09/2026 00:24
de2b4cce-0beb-4321-b935-a02ab5f5fd73,aventurine.engineer,available,38.99,38.99,medium,low,10,namesilo,,,21/09/2026 09:07
cf4ad597-4790-40f4-b3be-9844f47a99f7,paste.engineer,available,31.25,31.25,high,low,5,spaceship,,,29/09/2026 20:56
c9ebc08f-5497-42a3-aa25-40f8f504d82e,jamal.engineer,available,30.2,30.2,medium,low,5,cloudflare,,,29/09/2026 03:56
c40c9bf8-797d-4ef2-8bf5-8407b81dc992,grouping.engineer,available,9.85,32.21,high,low,8,dynadot,,,29/09/2026 21:36
1c96e4f0-d9b8-49db-829e-39c068842208,prefectures.engineer,available,31.25,31.25,medium,low,11,spaceship,,,30/09/2026 16:16
3c70ccfd-1827-4e97-aade-b950ee3a5b9e,brace.engineer,available,17.99,56.99,high,low,5,name.com,,,11/08/2026 00:41
9e2de9bc-e69d-4a96-9bd8-8a14b3e58244,elgar.engineer,available,38.99,38.99,medium,low,5,namesilo,,,30/09/2026 17:08
21e892e3-fb97-4442-b090-f02f74716e58,bise.engineer,available,40.98,52.98,medium,low,4,namecheap,,,23/09/2026 21:37
8f9e8f4c-b3d7-4d48-8065-f8890c859637,backstairs.engineer,available,17.99,56.99,medium,low,10,name.com,,,08/08/2026 06:26
c2c30c6c-c9b7-43c6-a77a-a22c17f0e38d,plentiful.engineer,available,38.99,38.99,high,low,9,namesilo,,,27/09/2026 04:16
db150cc1-7a52-413c-b6fb-bbbf2f87f216,blahs.engineer,available,38.99,38.99,medium,low,5,namesilo,,,24/09/2026 03:42
3140093c-71cc-4993-9756-659d6489188b,missionary.engineer,available,17.99,56.99,high,low,10,name.com,,,25/08/2026 01:48
d5e08162-35ac-4fd8-9a96-0ad9a65e9034,adolescents.engineer,available,31.25,31.25,medium,low,11,spaceship,,,02/10/2026 01:52
9076a3e4-31b8-449f-aa2a-6cea72b13226,insignia.engineer,available,38.99,38.99,high,low,8,namesilo,,,30/09/2026 17:42
d7a26ad2-e272-4cb2-8a47-d3f98e82fa1c,swamps.engineer,available,38.99,38.99,medium,low,6,namesilo,,,30/09/2026 15:45
2787adf8-a6e4-48ac-bd28-6db34ed4f364,courage.engineer,available,38.99,38.99,high,low,7,namesilo,,,29/09/2026 04:01
52148d52-c306-4b9e-9e1c-d7a75556919c,palladian.engineer,available,38.99,38.99,high,low,9,namesilo,,,04/09/2026 23:44
1b448236-10d2-4b01-a1df-21e135dbdb84,raiding.engineer,available,17.99,56.99,medium,low,7,name.com,,,24/08/2026 15:45
217b5b88-5a48-4cd1-b8b1-3d7e6a504eb1,virulent.engineer,available,17.99,56.99,medium,low,8,name.com,,,
4d324bf9-aa8b-4ed8-8c15-35053fbd7c7a,hexangular.engineer,available,17.99,56.99,medium,low,10,name.com,,,21/08/2026 07:48
716694b6-cf73-4e1a-a639-25a96ed33aa5,natation.engineer,available,17.99,56.99,medium,low,8,name.com,,,18/08/2026 08:34
ae15384d-0a69-445d-a6af-a0e47689b5fe,holding.engineer,available,38.99,38.99,high,low,7,namesilo,,,29/09/2026 02:03
7f59f8c4-673a-42db-9ee7-5620fd975ba7,gaudy.engineer,available,17.99,56.99,medium,low,5,name.com,,,18/08/2026 06:37
479edc0c-fd75-4b06-88e9-a1540f65c78f,jervis.engineer,available,31.25,31.25,medium,low,6,spaceship,,,29/09/2026 15:49
458dcf50-ffa7-46ab-be6c-6aad91d131cf,references.engineer,premium,78,78,medium,low,10,namecheap,,,18/09/2026 16:07
c2131d5d-80f4-4ba2-a8c7-751ec63e71b2,pegged.engineer,available,30.2,30.2,medium,low,6,cloudflare,,,30/09/2026 16:20
51b0bccd-2c1b-49b8-ac7a-4db8fbce214e,directive.engineer,available,17.99,56.99,high,low,9,name.com,,,14/08/2026 08:48
c933030a-b3e6-42bc-91c0-98309d521016,ductless.engineer,available,17.99,56.99,medium,low,8,name.com,,,14/08/2026 20:54
63785a0b-12d1-4164-a836-bba23ed7c3e1,exposed.engineer,premium,71.4,71.4,high,low,7,namesilo,,,17/08/2026 18:37
edc453b2-8388-46a6-bb89-01b416eb36ae,overheated.engineer,available,40.98,52.98,medium,low,10,namecheap,,,04/09/2026 20:47
dd9b7700-4ee3-4ae6-87f4-ab08d2925f4b,marry.engineer,available,38.99,38.99,high,low,5,namesilo,,,13/09/2026 09:36
132eb04c-03e1-453c-be0c-1abdb8cd1909,vampire.engineer,available,30.2,30.2,high,low,7,cloudflare,,,30/09/2026 01:58
530a1168-8117-46ff-82ac-ab81ffac47d0,begging.engineer,available,38.99,38.99,medium,low,7,namesilo,,,23/09/2026 02:16
e9df4217-39f0-4193-8690-d2e189247987,capacious.engineer,available,17.99,56.99,medium,low,9,name.com,,,11/08/2026 17:47
83f2c761-51fe-4df2-b9ac-833f6e207545,consequently.engineer,available,38.99,38.99,medium,low,12,namesilo,,,29/09/2026 10:11
1c364c9c-2233-4dbf-a311-bf88df1971af,shrieking.engineer,available,38.99,38.99,medium,low,9,namesilo,,,09/09/2026 23:55
282cffe8-4dd3-4df0-8462-c4645b0f2224,malawian.engineer,available,17.99,56.99,medium,low,8,name.com,,,24/08/2026 13:40
8337d4ca-0c7b-49cb-bf5b-223f587aeef0,landward.engineer,available,38.99,38.99,medium,low,8,namesilo,,,15/09/2026 10:39
845c394c-6a63-4aa5-aa23-69f6fe384654,mommy.engineer,available,38.99,38.99,high,low,5,namesilo,,,30/09/2026 02:10
a60f3ad4-d2d3-4a60-8ff8-4769b6a146f2,nicolas.engineer,available,38.99,38.99,high,low,7,namesilo,,,25/09/2026 13:18
d16ba48a-1d06-4f1b-a63a-7808c26138a1,angela.engineer,available,38.99,38.99,high,low,6,namesilo,,,25/09/2026 13:41
c8c8821d-28b4-463f-9ec2-53e5d6a3dd4a,belike.engineer,available,38.99,38.99,medium,low,7,namesilo,,,04/09/2026 04:45
3ecdbac8-f56e-4eac-8dbd-42ee2e1bc9ae,demosthenes.engineer,available,38.99,38.99,medium,low,11,namesilo,,,01/10/2026 09:49
7a530433-1064-4f68-8d7a-c07738482b2a,tectonic.engineer,available,17.99,56.99,high,low,8,name.com,,,06/08/2026 15:47
7f7695e4-d0b6-4c4b-b407-9204187e8c10,gladiator.engineer,available,40.98,52.98,high,low,9,namecheap,,,02/10/2026 05:04
71c15865-5c93-4b04-b067-e69096e2dc71,transylvania.engineer,available,38.99,38.99,high,low,12,namesilo,,,27/09/2026 18:35
29cf3ef7-4715-45e1-b8bf-2297ea8b31dc,smashing.engineer,available,17.99,56.99,high,low,8,name.com,,,08/08/2026 12:53
d73343ac-1a04-43d2-8687-71c6f71927d4,razed.engineer,available,17.99,56.99,medium,low,5,name.com,,,14/08/2026 01:24
0ff79b68-d1cb-486d-99a0-36e34003338b,slighting.engineer,available,17.99,56.99,medium,low,9,name.com,,,09/08/2026 13:15
948aaa7a-86f9-4c4f-807b-e28cd21a79f2,spoof.engineer,available,38.99,38.99,high,low,5,namesilo,,,23/09/2026 11:26
1356c07b-5c74-479b-b4a6-7a236650051b,overlapping.engineer,available,9.85,32.21,high,low,11,dynadot,,,29/09/2026 08:54
f419a85b-390c-4882-b6f7-4820922dec05,twelve.engineer,available,38.99,38.99,high,low,6,namesilo,,,21/09/2026 11:23
a7430da0-05ed-4646-b8bc-e6a9c1f18c18,eagerly.engineer,available,38.99,38.99,high,low,7,namesilo,,,14/09/2026 14:54
44c8dfc0-0cb9-402d-bff0-54efbddacf83,astylar.engineer,available,17.99,56.99,medium,low,7,name.com,,,07/08/2026 10:15
56fc79c7-ab5c-48fa-8ae4-25c3e39eeec6,semiformal.engineer,available,17.99,56.99,high,low,10,name.com,,,10/08/2026 11:42
22761e93-9adf-4b4a-be2f-6883294ee112,primal.engineer,available,17.99,56.99,high,low,6,name.com,,,11/08/2026 18:56
c9d68fb7-24e4-4563-8b80-9e8425248eeb,hadal.engineer,available,17.99,56.99,medium,low,5,name.com,,,20/08/2026 21:30
2a4d3aaa-4187-4379-af71-50b7c23b2a2b,lend.engineer,available,30.2,30.2,high,low,4,cloudflare,,,30/09/2026 03:09
3bffe106-bb23-4a64-afd2-cc2353bbd812,chloroform.engineer,available,31.25,31.25,high,low,10,spaceship,,,02/10/2026 04:21
8cd594af-a115-4dc7-b9aa-23294224c130,crossed.engineer,available,17.99,56.99,high,low,7,name.com,,,13/08/2026 08:18
7e4cc411-ee92-4c18-9b32-7a0cb4343aa6,parentally.engineer,available,40.98,52.98,medium,low,10,namecheap,,,15/09/2026 18:57
70b4d281-b1fc-4efa-9e77-27fbd93c3d81,thorn.engineer,available,38.99,38.99,high,low,5,namesilo,,,28/09/2026 02:10
5a763eec-fb64-4489-b6af-f399f3398610,stomp.engineer,available,38.99,38.99,high,low,5,namesilo,,,30/09/2026 18:50
0aff6fcb-4c56-4830-afb6-9b5c712b96e9,kigali.engineer,available,38.99,38.99,medium,low,6,namesilo,,,24/09/2026 12:21
fd5f74e6-e414-476e-9c57-38b571503f1e,sidney.engineer,available,38.99,38.99,high,low,6,namesilo,,,27/09/2026 05:44
4065b87e-9080-4672-9a92-fbf2d5d71efe,region.engineer,available,38.99,38.99,high,low,6,namesilo,,,30/09/2026 09:23
90365f3a-599e-420d-8d6d-8b54ef2c769f,comparative.engineer,available,31.25,31.25,high,low,11,spaceship,,,29/09/2026 20:48
38c32728-24e3-480d-8e90-a0a3a743da42,outraged.engineer,available,17.99,56.99,medium,low,8,name.com,,,22/08/2026 01:03
5f13c2b5-3e45-41c3-9b92-91cbf40d299f,aotus.engineer,available,40.98,52.98,medium,low,5,namecheap,,,19/09/2026 16:05
3380a2cf-808b-4cb5-85d0-018fc2d72ae8,retiring.engineer,available,31.25,31.25,high,low,8,spaceship,,,27/09/2026 13:20
b5b93421-4dec-438d-9d46-b9ab8e1026ab,odium.engineer,available,40.98,52.98,medium,low,5,namecheap,,,16/09/2026 15:27
ddce4bf6-5f62-4190-8812-056c385d4b3a,empyreal.engineer,available,17.99,56.99,medium,low,8,name.com,,,16/08/2026 20:53
3db6bce3-e955-4a9b-8305-3cc4ba49839d,cheerio.engineer,available,38.99,38.99,high,low,7,namesilo,,,17/09/2026 08:13
1102cd96-6591-4521-8e74-902bdd3f4bde,indulgence.engineer,available,38.99,38.99,high,low,10,namesilo,,,05/09/2026 00:24
97219039-143e-4e5a-b2fe-211036524a47,blouse.engineer,available,38.99,38.99,high,low,6,namesilo,,,29/09/2026 06:07
4911a09e-307f-4024-8905-08396d42acc7,confusion.engineer,available,31.25,31.25,high,low,9,spaceship,,,29/09/2026 10:55
5c576ff8-e13d-44e4-9c02-8a7f7cfad03f,stockholders.engineer,available,31.25,31.25,medium,low,12,spaceship,,,01/10/2026 18:35
4b8250e2-4c5c-4d41-9d8c-583fa3e4e0bd,scoffing.engineer,available,17.99,56.99,medium,low,8,name.com,,,22/08/2026 12:43
83e773b8-5a4c-4cdf-8830-97a2f79ccbe5,executor.engineer,available,30.2,30.2,high,low,8,cloudflare,,,01/10/2026 01:58
2de9f71a-b812-45c2-b347-5773368b98b1,leaden.engineer,available,17.99,56.99,medium,low,6,name.com,,,22/08/2026 21:44
c89c7fc7-5d2a-4a4f-9c8f-7a868ee0df37,kharkov.engineer,available,40.98,52.98,medium,low,7,namecheap,,,30/09/2026 17:47
49b7942b-a6f1-4c21-9251-38cd7b5ded53,inflict.engineer,available,30.2,30.2,high,low,7,cloudflare,,,30/09/2026 03:14
da647261-1008-4da5-9b9c-9dcfaae3c71d,armed.engineer,available,38.99,38.99,high,low,5,namesilo,,,22/09/2026 07:55
73032fcb-f0be-4a3c-9cbf-5994a26a5a4e,flint.engineer,available,17.99,56.99,high,low,5,name.com,,,18/08/2026 08:20
3c9f2c14-d07d-418d-a00a-e9f04af6f107,sunda.engineer,available,30.2,30.2,medium,low,5,cloudflare,,,02/10/2026 00:35
e605c485-fae6-43fc-8b14-e13764fa51a5,persuade.engineer,available,30.2,30.2,high,low,8,cloudflare,,,27/09/2026 16:35
70f33309-8d0f-4eec-a075-9bcdf1dee8f1,badge.engineer,available,40.98,52.98,high,low,5,namecheap,,,19/09/2026 15:56
c3fc635e-3e20-4f67-91ce-711e0d0c5201,soprano.engineer,available,38.99,38.99,high,low,7,namesilo,,,10/09/2026 14:24
42793889-bd5c-48f2-96c9-db02bacd07bf,youngsters.engineer,available,30.2,30.2,medium,low,10,cloudflare,,,30/09/2026 07:43
88c38f53-b905-4459-bad4-cb15e41ff950,paid.engineer,available,17.99,56.99,high,low,4,name.com,,,18/08/2026 19:32
6d92dc14-22f0-4370-99fa-eccf81d2056f,tempest.engineer,available,40.98,52.98,high,low,7,namecheap,,,01/10/2026 21:55
ff8f7451-9302-4eb0-92e8-bc52da889d5e,kershaw.engineer,available,9.85,32.21,medium,low,7,dynadot,,,29/09/2026 22:25
b04aad44-0b0c-4001-9f1a-94c458305c56,trooper.engineer,available,31.25,31.25,high,low,7,spaceship,,,29/09/2026 00:23
bde687e6-2776-4716-9c27-b18460d1b4a3,hospitals.engineer,available,38.99,38.99,medium,low,9,namesilo,,,20/09/2026 04:37
77a94116-09cb-4229-8c21-4c508955c86e,betimes.engineer,available,17.99,56.99,medium,low,7,name.com,,,13/09/2026 23:59
c865842d-39e3-449b-b59c-8ea0a2cffc6a,teens.engineer,available,38.99,38.99,high,low,5,namesilo,,,30/09/2026 13:01
119487ee-a543-450a-bc7b-fe75879e4125,humorous.engineer,available,38.99,38.99,high,low,8,namesilo,,,25/09/2026 06:35
04042078-1d2f-4b91-a721-515e5a461dba,linus.engineer,available,31.25,31.25,high,low,5,spaceship,,,30/09/2026 13:30
b0caa43d-019b-4fcd-b3c8-7b7e428477ea,predatory.engineer,available,17.99,56.99,medium,low,9,name.com,,,24/08/2026 15:43
ab51e830-6fee-4753-b54e-d8afa905d15b,boogie.engineer,available,31.25,31.25,high,low,6,spaceship,,,29/09/2026 18:03
60778842-0405-4c0c-b5a7-a90362340e9d,pim.engineer,available,30.2,30.2,high,low,3,cloudflare,,,30/09/2026 20:02
392e09fd-bfb3-4572-931a-aa7276a3bf4d,laundering.engineer,available,30.2,30.2,medium,low,10,cloudflare,,,30/09/2026 10:23
3e8e3d9c-37a5-4175-b5f2-b7ff5d670056,protozoan.engineer,available,38.99,38.99,medium,low,9,namesilo,,,09/09/2026 04:12
346bd817-6507-474f-bb29-9d1f84fea403,fishy.engineer,available,17.99,56.99,high,low,5,name.com,,,18/08/2026 05:32
dcde1325-bf62-4182-af5d-9bf7e74ad861,alqaeda.engineer,available,38.99,38.99,medium,low,8,namesilo,,,18/09/2026 00:59
76cc418c-fb50-4827-9638-bb4316f5f2df,freehand.engineer,available,17.99,56.99,high,low,8,name.com,,,18/08/2026 14:55
069f5965-c03c-4144-b45f-fb02a82f1ab5,tenable.engineer,available,38.99,38.99,medium,low,7,namesilo,,,11/09/2026 11:08
029a0840-d319-40ed-a6c7-0aee4fac6ef4,algal.engineer,available,17.99,56.99,medium,low,5,name.com,,,
4bafdf76-9714-4b9e-ba78-1039f9a2467a,frustrate.engineer,available,40.98,52.98,medium,low,9,namecheap,,,24/09/2026 12:25
1cda565b-2f1c-4678-9add-12eb4f5b1b4b,doomed.engineer,available,17.99,56.99,medium,low,6,name.com,,,14/08/2026 15:57
12dd1c7b-35d8-4d47-894b-66cbecb24fdc,brutality.engineer,available,38.99,38.99,medium,low,9,namesilo,,,22/09/2026 04:26
e4750fb6-d053-4f8e-af56-b64217d55c8a,cognisant.engineer,available,17.99,56.99,medium,low,9,name.com,,,08/08/2026 00:18
42b5e564-5584-45f1-8402-0132474c72dd,antsy.engineer,available,17.99,56.99,medium,low,5,name.com,,,05/08/2026 20:27
7eaa6e6d-d5a5-47b8-a182-4c7c8dad165c,arius.engineer,available,38.99,38.99,medium,low,5,namesilo,,,20/09/2026 06:03
65b43f95-a7d1-4b41-856b-0e2186acbe00,unfree.engineer,available,38.99,38.99,medium,low,6,namesilo,,,12/09/2026 10:43
1236fb72-b519-4169-9cbe-a64f96d71e8a,depictive.engineer,available,17.99,56.99,medium,low,9,name.com,,,14/08/2026 00:41
f0f59a5c-5d0f-4ff0-988a-9e73a28aa30d,ayatollah.engineer,available,38.99,38.99,high,low,9,namesilo,,,21/09/2026 10:36
9ab98444-42fb-4c24-b1d5-01eeefce2f37,sally.engineer,available,31.25,31.25,high,low,5,spaceship,,,28/09/2026 20:21
c919264b-ac67-4036-befb-19bdc9217a57,fagan.engineer,available,38.99,38.99,medium,low,5,namesilo,,,30/09/2026 05:33
27722af8-4c99-42a9-b1f1-0a01e0fc412b,adventitia.engineer,available,38.99,38.99,medium,low,10,namesilo,,,17/09/2026 10:36
f48f7aa8-aae1-4a84-a05c-53448990b5d8,sacrificial.engineer,available,13.99,,medium,low,11,name.com,,,
4e1f454e-1b18-4ba3-93bc-b1658d79e1fc,credibility.engineer,available,38.99,38.99,high,low,11,namesilo,,,28/09/2026 12:34
f141dbed-f133-4039-8e48-dbf06b7d2d7c,doubtless.engineer,available,38.99,38.99,high,low,9,namesilo,,,14/09/2026 13:54
6c273d2f-adb5-4b02-a686-2272312ca32e,hint.engineer,available,38.99,38.99,high,low,4,namesilo,,,24/09/2026 16:07
cf881902-cd18-44bb-899c-9e7aacf5eab7,eastmost.engineer,available,17.99,56.99,medium,low,8,name.com,,,14/08/2026 22:57
68de0e1f-476c-4b04-ad61-f5eb8b999939,affix.engineer,available,40.98,52.98,high,low,5,namecheap,,,17/09/2026 14:37
d09dcd74-a3fb-42c5-b689-2a7f4e4a8d46,habits.engineer,premium,33.05,66.02,medium,low,6,porkbun,,,28/09/2026 04:46
56a333a8-1c2c-4aff-9eb3-f3309dcd7852,sectarian.engineer,available,38.99,38.99,medium,low,9,namesilo,,,10/09/2026 01:13
22398566-8f2c-43de-9f5d-3d07065ddc3c,dillon.engineer,available,38.99,38.99,high,low,6,namesilo,,,25/09/2026 15:31
a15f086c-5d87-4df3-ab65-8b5b9f1d7258,burt.engineer,available,38.99,38.99,medium,low,4,namesilo,,,25/09/2026 03:54
cf00d904-34d6-4058-bd6e-a0b119e438ba,trackless.engineer,available,38.99,38.99,medium,low,9,namesilo,,,08/09/2026 10:29
c63313cb-08c7-4791-9e73-d8c1f3d1f933,about.engineer,premium,1107,1107,high,low,5,namesilo,,,21/09/2026 14:03
c23583f3-d372-48e2-9230-5e9c68cf868b,friendly.engineer,premium,66,66,high,low,8,dynadot,,,29/09/2026 08:43
ed26f035-2e0b-4457-ae9a-c9c56a777ea4,eldon.engineer,available,40.98,52.98,medium,low,5,namecheap,,,30/09/2026 04:31
4bfe0d4f-2a60-4580-9996-92555103e339,araucaria.engineer,available,38.99,38.99,medium,low,9,namesilo,,,20/09/2026 00:23
b9483e6c-0c4b-483c-a328-521fd224ef32,somalian.engineer,available,38.99,38.99,medium,low,8,namesilo,,,10/09/2026 13:56
fefe7b93-e72c-4a66-bf00-6c22239860a9,charge.engineer,available,9.78,31.41,high,low,6,porkbun,,,28/09/2026 22:08
caea24fa-f2a2-4c31-a702-52bbe88028cb,langton.engineer,available,38.99,38.99,medium,low,7,namesilo,,,01/10/2026 11:01
be941ffb-e64a-4a6d-acb2-8870380ecf59,followers.engineer,available,17.99,56.99,high,low,9,name.com,,,18/08/2026 10:24
06242b1e-0cd5-431b-82fb-033f5122ab06,experiment.engineer,available,9.78,31.41,high,low,10,porkbun,,,30/09/2026 21:03
35b88c79-a03a-425e-b882-d162ac5b6c25,uterine.engineer,available,38.99,38.99,medium,low,7,namesilo,,,13/09/2026 00:02
67f0a20a-3464-475a-831c-3794139f0e5b,woolly.engineer,available,17.99,56.99,high,low,6,name.com,,,18/08/2026 08:40
c118725b-1b16-4ec2-b3d4-843d6b752620,printing.engineer,premium,1107,1107,high,low,8,namesilo,,,28/09/2026 06:37
3549150d-b403-4c0b-b330-65f38dfd6041,finely.engineer,available,38.99,38.99,high,low,6,namesilo,,,14/09/2026 11:23
fa333a42-48b0-4620-baf5-7e7696d61ff2,dinosaurs.engineer,available,31.25,31.25,high,low,9,spaceship,,,29/09/2026 11:13
575b4fee-fdd1-4859-807c-5b5708e0dd53,rebuild.engineer,available,30.2,30.2,high,low,7,cloudflare,,,28/09/2026 06:58
03fa113e-6933-4638-84db-c597b4201e8c,preferably.engineer,available,40.98,52.98,medium,low,10,namecheap,,,15/09/2026 21:14
c43740c7-bae7-4122-b8b0-3b6ba94a3956,analog.engineer,premium,71.4,71.4,high,low,6,namesilo,,,
2944b1d2-a3d4-405b-84cd-271e55583d0b,mckenna.engineer,available,31.25,31.25,high,low,7,spaceship,,,27/09/2026 19:59
50132c50-dbed-46be-baf0-fd6d53416ed9,merchants.engineer,available,38.99,38.99,medium,low,9,namesilo,,,18/09/2026 04:36
80a3536e-85f1-42e7-9d51-ddc684737675,wheezy.engineer,available,17.99,56.99,medium,low,6,name.com,,,07/08/2026 09:31
c71ef692-dc06-43db-8048-7a052b26ee56,gems.engineer,available,38.99,38.99,high,low,4,namesilo,,,19/09/2026 19:45
00e9b05d-e33e-4384-b1fd-c3e811ce314f,toledo.engineer,available,30.2,30.2,high,low,6,cloudflare,,,28/09/2026 15:28
3544fe20-1feb-455d-9f44-32c6532f8d0f,eaten.engineer,available,31.25,31.25,high,low,5,spaceship,,,30/09/2026 22:38
1f55bb14-d851-4af6-af98-1f04e46082b8,robby.engineer,available,38.99,38.99,high,low,5,namesilo,,,01/10/2026 23:55
6843d29a-93b9-4c16-92f0-c3fca8950e2f,unplayable.engineer,available,17.99,56.99,medium,low,10,name.com,,,12/09/2026 16:54
190356e9-2d74-4803-9c70-3bb6d385c219,magdalena.engineer,available,31.25,31.25,medium,low,9,spaceship,,,28/09/2026 02:17
ce607329-b48a-4721-a4c9-e9bd23af7aa8,prototypes.engineer,available,38.99,38.99,high,low,10,namesilo,,,30/09/2026 23:24
2fc7de7c-634d-49bc-a3d8-4c7e152c1954,ideals.engineer,available,38.99,38.99,medium,low,6,namesilo,,,29/09/2026 05:10
c7e6edb3-2891-40a3-97bd-e89bf0cc045d,lenin.engineer,available,31.25,31.25,high,low,5,spaceship,,,30/09/2026 17:54
49e4941b-438e-4730-9077-1ee01d1e8a00,pip.engineer,available,38.99,38.99,high,low,3,namesilo,,,13/09/2026 13:22
3c3a8cc5-4dc7-4b30-84e5-704302965ff2,prophecy.engineer,available,30.2,30.2,high,low,8,cloudflare,,,28/09/2026 10:47
22dde4da-a04a-40f7-98cd-d77970c1ff5b,flour.engineer,available,31.25,31.25,high,low,5,spaceship,,,28/09/2026 14:13
d3c076c1-47c8-4202-a3d0-74f7f23234d4,lutetium.engineer,available,38.99,38.99,medium,low,8,namesilo,,,20/09/2026 23:39
42b97102-0585-4489-9f6e-8c190d771766,unalarming.engineer,available,38.99,38.99,medium,low,10,namesilo,,,12/09/2026 00:14
72b9d41b-ba53-491c-96d6-504b31fd3a4f,vegetal.engineer,available,38.99,38.99,medium,low,7,namesilo,,,13/09/2026 01:42
8a539136-6f10-4d6f-a62b-33a62163e710,keyless.engineer,available,17.99,56.99,medium,low,7,name.com,,,22/08/2026 15:44
2446fd39-b71c-4c23-b9e2-d33bf59c93b2,odious.engineer,available,17.99,56.99,medium,low,6,name.com,,,
34e6a4cc-1411-40c1-9cc6-0c1959ed8e08,topical.engineer,available,38.99,38.99,high,low,7,namesilo,,,11/09/2026 17:42
6f870d71-d779-4062-93ad-8e6fed4843b9,bataan.engineer,available,38.99,38.99,medium,low,6,namesilo,,,22/09/2026 13:10
e17c1f42-8883-4487-af93-0c003d6be8d8,stickers.engineer,available,31.25,31.25,high,low,8,spaceship,,,30/09/2026 07:47
c5675470-cb98-4e30-a91d-4692fff57e5e,arles.engineer,available,38.99,38.99,medium,low,5,namesilo,,,20/09/2026 06:15
73a9e10d-adf2-4de5-a958-93cb109b71eb,minister.engineer,available,40.98,52.98,high,low,8,namecheap,,,24/09/2026 20:20
ac231968-206a-4330-b1b4-254b161c03a5,progressive.engineer,available,40.98,52.98,high,low,11,namecheap,,,19/09/2026 14:06
b66ad2c6-25cc-4b98-8670-f23ee395f09c,commissioners.engineer,available,38.99,38.99,low,low,13,namesilo,,,02/10/2026 02:36
3a8ff9a5-ca98-404f-81f1-3eba6b45fb9e,orphanage.engineer,available,38.99,38.99,medium,low,9,namesilo,,,28/09/2026 10:38
73c103cf-b94b-42fa-bad1-fb553a64a5bf,attitude.engineer,available,38.99,38.99,high,low,8,namesilo,,,28/09/2026 23:06
c0725d33-e603-4611-b8e6-0bbae14c0a8d,forgery.engineer,available,17.99,56.99,medium,low,7,name.com,,,13/08/2026 03:36
40a87797-8518-4bea-9305-66e3cfcebd40,testimony.engineer,available,38.99,38.99,high,low,9,namesilo,,,28/09/2026 02:23
dade1fb8-34ee-4ea0-9910-793bea9e1c95,puzzles.engineer,available,17.99,56.99,medium,low,7,name.com,,,18/09/2026 10:35
e7cd45e9-e234-4215-a85b-572df2950f1f,produced.engineer,available,38.99,38.99,medium,low,8,namesilo,,,19/09/2026 16:32
8331871b-8ebc-49c7-bfed-cf7ae18141e8,fails.engineer,available,38.99,38.99,medium,low,5,namesilo,,,18/09/2026 00:27
a77fce87-4bc9-4eda-8636-e8ff78014679,nonverbal.engineer,available,40.98,52.98,medium,low,9,namecheap,,,03/09/2026 21:00
bef118a8-3d2e-49e0-a319-fa0c04617b4c,videos.engineer,premium,62.3,62.3,medium,low,6,spaceship,,,30/09/2026 13:36
08217810-48d5-42a1-9556-ea361bdfe4b1,sunglass.engineer,available,38.99,38.99,high,low,8,namesilo,,,30/09/2026 12:22
f244bc57-c1c4-479e-b7b8-4f9241854a82,embarrass.engineer,available,31.25,31.25,medium,low,9,spaceship,,,29/09/2026 11:42
4c84302d-7f93-4344-9f57-ed89af4fde5b,albino.engineer,available,40.98,52.98,high,low,6,namecheap,,,18/09/2026 02:58
4884707b-3a44-4170-9711-ecaf3f26a11f,writings.engineer,available,67.99,67.99,high,low,8,godaddy,,,30/09/2026 01:48
dad06a3d-a758-4958-9457-1ac0caa6c7ca,undeniable.engineer,available,17.99,56.99,high,low,10,name.com,,,12/09/2026 07:15
1d30f650-aad1-4c76-b816-db8a33ec35ff,deleted.engineer,available,30.2,30.2,medium,low,7,cloudflare,,,29/09/2026 21:19
00a23603-e48c-4eb9-a72b-ba8e21872206,tawdry.engineer,available,17.99,56.99,medium,low,6,name.com,,,12/08/2026 03:29
c20de461-f0cb-47b3-9a2b-b8544673c3f4,bleed.engineer,available,9.85,32.21,medium,low,5,dynadot,,,28/09/2026 14:26
49ca7d4d-ec99-4b51-b027-6d0f0fee39c2,bucket.engineer,available,31.25,31.25,high,low,6,spaceship,,,29/09/2026 04:55
89137785-7367-44f6-b88e-8655b08d05dd,act.engineer,available,9.78,31.41,high,medium,3,porkbun,,,28/09/2026 18:03
64cf70cc-b455-4eb3-ad12-da89129875f5,restructuring.engineer,available,31.25,31.25,medium,low,13,spaceship,,,02/10/2026 00:04
df41b861-7fb9-4658-a126-a933c2837e3b,graves.engineer,available,31.25,31.25,high,low,6,spaceship,,,28/09/2026 05:52
e961a058-f0a5-4e45-a35a-8c2999083e00,bangalore.engineer,premium,71.4,71.4,high,low,9,namesilo,,,22/09/2026 01:45
8be2563b-c3fa-4864-b1c7-da4b5e04f041,damnably.engineer,available,17.99,56.99,low,low,8,name.com,,,13/08/2026 16:35
3c0e8a0f-4515-40ca-8de5-213d3b3dcfd4,altitude.engineer,available,40.98,52.98,high,low,8,namecheap,,,18/09/2026 14:29
2e564d4a-b3df-48dc-9789-c4ba3c536cd0,divided.engineer,available,17.99,56.99,medium,low,7,name.com,,,14/08/2026 13:42
f60e76e2-a8c3-4150-99d8-36ebb9d5068a,seamed.engineer,available,17.99,56.99,medium,low,6,name.com,,,10/09/2026 00:45
097013df-9abe-4bc0-8503-f80af7111ffe,disgusted.engineer,available,17.99,56.99,medium,low,9,name.com,,,14/08/2026 10:30
63c90d42-5001-4236-b1ed-bc143d907f9f,converts.engineer,available,67.99,67.99,medium,low,8,godaddy,,,01/10/2026 00:07
5dfd0bfb-6c5f-41ef-bbd6-cb8735c93239,packing.engineer,available,38.99,38.99,high,low,7,namesilo,,,29/09/2026 00:21
d77a1760-e375-4f56-8c5a-b6880ae7a894,rogers.engineer,premium,118.8,118.8,high,low,6,namesilo,,,27/09/2026 12:11
e19aaf44-7f91-47f5-a470-c5a3473e6bc1,slave.engineer,available,38.99,38.99,high,low,5,namesilo,,,29/09/2026 22:14
efdfee46-4198-4452-af99-64e583560757,embodiment.engineer,available,40.98,52.98,high,low,10,namecheap,,,21/09/2026 08:48
15058b84-fce7-4472-b6f9-e74ba416361a,arid.engineer,available,17.99,56.99,medium,low,4,name.com,,,06/08/2026 18:58
1ca36562-7185-41d6-92b1-a7715a57d097,biometrics.engineer,available,40.98,52.98,high,low,10,namecheap,,,23/09/2026 18:33
599eaee8-f896-43e2-886b-df4721676c27,thrasher.engineer,available,38.99,38.99,medium,low,8,namesilo,,,18/09/2026 13:24
734720c9-dfe8-4a02-ab6e-d6eefa6f4003,anya.engineer,available,31.25,31.25,high,low,4,spaceship,,,01/10/2026 23:47
a83fac32-14c4-4393-ae5f-ae8bb09de4d6,father.engineer,premium,71.4,71.4,high,low,6,namesilo,,,29/09/2026 02:01
7fcb7491-c153-4633-95c5-71fcddbf57b4,ochs.engineer,available,40.98,52.98,medium,low,4,namecheap,,,17/09/2026 09:36
05cf22b4-7501-4333-9565-dcf49f0987cf,scalp.engineer,available,31.25,31.25,high,low,5,spaceship,,,29/09/2026 08:01
db8d0c9d-113d-4f6a-a9b8-001a98f63b3f,continues.engineer,available,40.98,52.98,medium,low,9,namecheap,,,17/09/2026 13:29
c103842e-9dc9-4033-a075-52138268e0da,blackpool.engineer,available,31.25,31.25,medium,low,9,spaceship,,,30/09/2026 05:52
101976bc-5658-4ab9-a05d-4d944f49976b,carver.engineer,available,31.25,31.25,high,low,6,spaceship,,,29/09/2026 11:53
8a0806a7-b8ed-4218-a369-b562aa833fcf,riemannian.engineer,available,38.99,38.99,medium,low,10,namesilo,,,09/09/2026 17:21
8b336b60-40e8-4cad-8bd0-dd4076e6abe9,factions.engineer,available,30.2,30.2,medium,low,8,cloudflare,,,01/10/2026 00:34
6d3d39ab-7fa6-4565-9d50-41fa2cf2606b,capsular.engineer,available,38.99,38.99,medium,low,8,namesilo,,,08/09/2026 04:10
17c8d9ac-2c15-4467-824f-32aabdc0f901,nourished.engineer,available,38.99,38.99,high,low,9,namesilo,,,03/09/2026 22:12
da341ece-7022-41c3-8e01-ce058c5f2794,dared.engineer,available,9.85,32.21,medium,low,5,dynadot,,,29/09/2026 16:49
652a0b2e-a444-4bd8-b9c2-1689eb8ab61c,enthralled.engineer,available,17.99,56.99,medium,low,10,name.com,,,09/08/2026 10:06
55830fd4-f357-4f31-b92a-d47043cbf5e2,fortify.engineer,available,38.99,38.99,high,low,7,namesilo,,,20/09/2026 06:18
21393fc3-1b95-4727-b96c-546f8b1cd4ba,chaplin.engineer,available,31.25,31.25,high,low,7,spaceship,,,28/09/2026 18:39
f4eb1c41-f8ac-4648-b716-b7dd46e8086b,wrestle.engineer,available,31.25,31.25,high,low,7,spaceship,,,29/09/2026 01:07
c4e7caf9-a40e-48ef-a039-d312f9f10358,bethesda.engineer,available,9.78,31.41,high,low,8,porkbun,,,01/10/2026 23:20
4a877533-8cc0-4635-a4d9-5001d04438a3,realizable.engineer,available,38.99,38.99,high,low,10,namesilo,,,21/09/2026 15:51
008c0eef-f174-459e-8a94-912a40780a1e,inapt.engineer,available,17.99,56.99,medium,low,5,name.com,,,21/08/2026 18:51
4086bcab-ac23-43a9-80e9-94e448f48859,spirant.engineer,available,17.99,56.99,medium,low,7,name.com,,,12/08/2026 23:20
cc632e12-e28d-4515-90d4-8534d96bb27b,snaps.engineer,available,38.99,38.99,medium,low,5,namesilo,,,18/09/2026 11:55
6a6793cf-2fe3-4675-800a-11e01c08c457,mentioned.engineer,available,13.99,,medium,low,9,name.com,,,
8d08b1d5-52bf-4dd3-8331-6261bf78a5bf,rhyme.engineer,available,38.99,38.99,high,low,5,namesilo,,,28/09/2026 15:15
56ff3edf-320e-4f05-8543-665497770e93,nonslip.engineer,available,38.99,38.99,medium,low,7,namesilo,,,03/09/2026 20:38
68f01633-8292-4d2b-a44e-efe5c546d32a,designated.engineer,available,38.99,38.99,medium,low,10,namesilo,,,28/09/2026 22:42
76b5e215-280e-47bc-892e-df2b5967d64b,rudder.engineer,available,30.2,30.2,high,low,6,cloudflare,,,29/09/2026 20:14
bbd72bb1-5ca5-427d-be65-1cfa0ec8382b,wiser.engineer,available,31.25,31.25,high,low,5,spaceship,,,29/09/2026 23:16
490799a7-419c-4d76-aeec-149d1426349c,tyrolean.engineer,available,38.99,38.99,medium,low,8,namesilo,,,11/09/2026 22:33
ce6ec407-4d8c-467a-8520-cf9efebc7043,basinet.engineer,available,38.99,38.99,medium,low,7,namesilo,,,22/09/2026 10:57
84ed2d8f-4895-4cd4-9930-c07ca9baee6e,immoral.engineer,available,17.99,56.99,medium,low,7,name.com,,,21/08/2026 21:10
5ef2894e-8f7d-4fe8-a0d8-7995f79f6d98,distinguish.engineer,available,31.25,31.25,high,low,11,spaceship,,,28/09/2026 21:05
98c3b5f0-3e9f-430d-aed1-ca1a532ce0c0,engagement.engineer,available,38.99,38.99,high,low,10,namesilo,,,25/09/2026 10:18
e26110bc-41fa-4b19-a65d-6bf92af185d8,bingle.engineer,available,40.98,52.98,medium,low,6,namecheap,,,19/09/2026 16:38
7c49475a-2e08-4b01-b16f-6fa5ce074d94,gaga.engineer,available,17.99,56.99,medium,low,4,name.com,,,14/08/2026 14:34
79a879fe-cde7-4339-a85f-0514c705dd1c,nkvd.engineer,available,38.99,38.99,medium,low,4,namesilo,,,30/09/2026 04:47
91623218-9925-45e0-8170-a159d8d2f887,stately.engineer,available,17.99,56.99,high,low,7,name.com,,,08/08/2026 20:22
60ebf1ba-13b2-41ec-b357-dd32e7e3c400,baykal.engineer,available,40.98,52.98,medium,low,6,namecheap,,,21/09/2026 18:56
5959978a-a5b8-4fb6-adbc-cb4dd989d2ae,bifocal.engineer,available,17.99,56.99,medium,low,7,name.com,,,09/08/2026 20:03
c4f24a68-6ae9-485d-bcb2-76b8d3d0782b,curst.engineer,available,17.99,56.99,medium,low,5,name.com,,,13/08/2026 11:34
21f56030-0fdc-4b64-9c2b-9a8c957e076a,stoical.engineer,available,40.98,52.98,medium,low,7,namecheap,,,10/09/2026 20:59
6c9ccdc4-4d38-4084-9985-93408e4b2e2e,earthworks.engineer,premium,62.3,62.3,high,low,10,spaceship,,,29/09/2026 17:50
8effbd50-96e3-4627-b0e8-f1d363f7065f,kings.engineer,available,38.99,38.99,high,low,5,namesilo,,,27/09/2026 07:24
9fe7b849-7894-4424-852e-c25cbb1afb82,prehistoric.engineer,available,40.98,52.98,medium,low,11,namecheap,,,29/09/2026 03:08
6089b5e1-74df-47ad-bda1-afadaf158faa,affray.engineer,available,38.99,38.99,medium,low,6,namesilo,,,17/09/2026 14:43
95b6401b-d648-402b-990e-373d425a6922,gentlemen.engineer,available,38.99,38.99,high,low,9,namesilo,,,25/09/2026 17:34
e917071b-1cc0-4bdc-ba85-87cdcc5cfaad,unsealed.engineer,available,40.98,52.98,medium,low,8,namecheap,,,12/09/2026 19:07
41884b1c-26d9-4424-b627-c1d9a23c8522,drilled.engineer,available,17.99,56.99,medium,low,7,name.com,,,14/08/2026 19:21
c6871720-2a97-422e-9c27-3b6e5b37904c,heart.engineer,available,38.99,38.99,high,low,5,namesilo,,,23/09/2026 13:28
d14ff509-b2af-41c0-a8b9-baf5f3848f9d,defensible.engineer,available,17.99,56.99,medium,low,10,name.com,,,13/08/2026 23:11
101f8f79-8d34-4b49-9783-c121f97d7f28,hoo.engineer,available,31.25,31.25,medium,low,3,spaceship,,,01/10/2026 06:01
3ebab6fa-363c-40e2-aa23-4c8d7aee355f,elders.engineer,available,38.99,38.99,low,low,6,namesilo,,,28/09/2026 08:45
9f364358-e92e-4470-99bd-f74aa33112dd,strung.engineer,available,38.99,38.99,medium,low,6,namesilo,,,10/09/2026 22:54
ab4de771-31cb-4187-a670-1156e3d647fe,etched.engineer,available,17.99,56.99,high,low,6,name.com,,,17/08/2026 07:41
3fb0764f-7658-40c6-a6d7-874a53a18ded,federico.engineer,available,31.25,31.25,medium,low,8,spaceship,,,28/09/2026 07:57
57e771ba-98b3-4b0b-92e7-a0662787a043,aeolia.engineer,available,40.98,52.98,low,low,6,namecheap,,,17/09/2026 12:34
88a8364f-6e35-4310-9e44-42060f114ca9,spartan.engineer,available,38.99,38.99,high,low,7,namesilo,,,19/09/2026 16:49
7eb84f24-e1cc-4cee-84a7-efd67fa277a3,pets.engineer,available,38.99,38.99,low,low,4,namesilo,,,28/09/2026 08:51
5cf244ff-c438-4de2-8c2e-7355ae75fd19,helicopters.engineer,available,31.25,31.25,medium,low,11,spaceship,,,28/09/2026 18:00
3572d88a-14be-4e37-8a6e-135cccc16877,toiling.engineer,available,17.99,56.99,medium,low,7,name.com,,,14/08/2026 20:00
ea005988-3aa3-40a8-87cc-0595c7e47733,zimbabwean.engineer,available,38.99,38.99,high,low,10,namesilo,,,13/09/2026 15:19
7c7c8988-d805-42e3-af52-d9e1a7a4c356,singers.engineer,available,30.2,30.2,medium,low,7,cloudflare,,,28/09/2026 23:28
10b5ef00-3227-4897-8aed-59aa9dc49fc5,esthetical.engineer,available,40.98,52.98,high,low,10,namecheap,,,21/09/2026 21:22
5c06ca65-846a-407e-bd80-7e76313631ec,restful.engineer,available,17.99,56.99,high,low,7,name.com,,,09/09/2026 13:26
34f75c43-1aa1-4bac-9542-50345aa12d1d,moynihan.engineer,available,9.78,31.41,medium,low,8,porkbun,,,29/09/2026 18:33
5296137a-c680-45d4-8e36-e871b0ddc5b2,gst.engineer,available,38.99,38.99,medium,low,3,namesilo,,,30/09/2026 23:01
47ecccbe-d3df-4c2e-800b-f16fe9632681,permit.engineer,available,38.99,38.99,high,low,6,namesilo,,,24/09/2026 18:39
a9992df2-1d35-428c-991a-b2a3ebd999b7,lund.engineer,available,38.99,38.99,high,low,4,namesilo,,,25/09/2026 09:11
6ce323ab-d4fd-4153-a1e5-1388c1c3deaf,cationic.engineer,available,17.99,56.99,medium,low,8,name.com,,,11/08/2026 22:07
810d575f-7da9-47f3-8274-1d9e388dbd04,oratorical.engineer,available,38.99,38.99,medium,low,10,namesilo,,,04/09/2026 17:30
ded7c77c-ad7f-484c-9a6c-50eb1d19389a,casas.engineer,available,31.25,31.25,medium,low,5,spaceship,,,28/09/2026 23:52
d2e3640f-06d7-43a2-ae40-a875b93d208a,atilt.engineer,available,17.99,56.99,medium,low,5,name.com,,,07/08/2026 13:13
c263952a-79e2-4afc-9428-0c1b6ca5a284,enjoyable.engineer,available,17.99,56.99,high,low,9,name.com,,,17/08/2026 09:17
06c02997-23f2-4113-bb60-487c42c88d19,tapering.engineer,available,17.99,56.99,medium,low,8,name.com,,,14/08/2026 21:50
ca1a43c5-0743-4d4d-8e9c-133f81ea779a,skating.engineer,available,38.99,38.99,high,low,7,namesilo,,,28/09/2026 03:06
1c90bc28-97d8-4538-a061-775aa6283dfd,delivers.engineer,available,30.2,30.2,medium,low,8,cloudflare,,,29/09/2026 10:50
b7108084-c6b1-47c3-9e36-6fdc48c254ee,rarefy.engineer,available,17.99,56.99,medium,low,6,name.com,,,07/08/2026 15:31
8ea423d5-137b-495b-bd44-09525a11f452,macbeth.engineer,available,38.99,38.99,high,low,7,namesilo,,,29/09/2026 13:20
3387852b-05f9-428c-add8-75f094059bb0,shelter.engineer,available,9.85,32.21,high,low,7,dynadot,,,30/09/2026 11:05
d4a1c7aa-6b9f-4801-a4fc-ae12ede230be,enclosed.engineer,available,17.99,56.99,high,low,8,name.com,,,16/08/2026 22:21
c860430c-5a47-484a-b680-b19499de7f3d,aerophagia.engineer,available,38.99,38.99,medium,low,10,namesilo,,,17/09/2026 13:11
becadb90-8c5f-49a3-97e2-2e4e5b542e27,recruited.engineer,available,38.99,38.99,medium,low,9,namesilo,,,18/09/2026 00:53
ed9cd326-4cb6-4b74-972d-9a54c02089a9,nation.engineer,available,31.25,31.25,high,low,6,spaceship,,,29/09/2026 03:15
82bc55a7-d9a2-4c4e-82e8-1770dea33809,albuquerque.engineer,premium,128.7,128.7,medium,low,11,namecheap,,,29/09/2026 05:43
62193c48-3420-4566-a163-2220f5758f94,authorized.engineer,available,38.99,38.99,high,low,10,namesilo,,,22/09/2026 13:48
5acc40b0-baf4-44e3-8ccb-4007b815a47e,crowing.engineer,available,17.99,56.99,medium,low,7,name.com,,,10/08/2026 16:37
6fdd6d29-66b7-403d-a98b-d65cda65a516,worn.engineer,available,38.99,38.99,high,low,4,namesilo,,,23/09/2026 12:58
0353edb7-3537-4d7d-994a-42f07b316e23,bagpipe.engineer,available,40.98,52.98,high,low,7,namecheap,,,21/09/2026 18:26
d772a515-14ff-468c-8820-3dad47372573,whirr.engineer,available,38.99,38.99,medium,low,5,namesilo,,,13/09/2026 11:31
3471bdff-0520-4540-a5c3-71ffe3f24f5f,elinor.engineer,available,30.2,30.2,medium,low,6,cloudflare,,,29/09/2026 22:05
86f959db-ab5a-4feb-a3b8-9f538ec230cd,bronte.engineer,available,40.98,52.98,medium,low,6,namecheap,,,19/09/2026 10:16
89d660eb-0ee4-4994-806c-8bd0b878c7cb,playaround.engineer,available,38.99,38.99,medium,low,11,namesilo,,,17/09/2026 06:03
f3f6106c-582b-408c-b285-75cb6fff3134,aeschylus.engineer,available,38.99,38.99,medium,low,9,namesilo,,,17/09/2026 13:19
02b584e5-0873-45da-b47a-432096806fc9,latakia.engineer,available,38.99,38.99,medium,low,7,namesilo,,,18/09/2026 01:28
b950007a-501b-4aca-85e5-1e7c11ebda7d,destined.engineer,available,38.99,38.99,high,low,8,namesilo,,,24/09/2026 06:55
50473c74-1ba9-4645-99c5-fd3ffb7feec1,beeper.engineer,available,38.99,38.99,high,low,6,namesilo,,,23/09/2026 01:31
79bc7a92-c87b-4f8c-854a-597357014926,vaned.engineer,available,38.99,38.99,medium,low,5,namesilo,,,13/09/2026 01:06
d91837fa-756e-42b4-9243-fd0eab9689a0,vladivostok.engineer,available,38.99,38.99,high,low,11,namesilo,,,29/09/2026 15:13
4a2d8b29-fcf6-4a34-8ecc-903c63fb745e,successful.engineer,available,9.85,32.21,high,low,10,dynadot,,,28/09/2026 01:49
f7a06867-515a-4c14-9db1-c5e3465c1fd1,zoning.engineer,available,38.99,38.99,high,low,6,namesilo,,,01/10/2026 04:08
d3d1f45d-089b-4c21-8651-ad8b02c8eab8,firebug.engineer,available,17.99,56.99,medium,low,7,name.com,,,22/08/2026 00:57
abda7e82-f59c-4d89-94ea-6cb30e79b805,championship.engineer,available,38.99,38.99,high,low,12,namesilo,,,27/09/2026 02:00
bdc5437e-ee71-4104-9cdd-39cecc095560,aviatrix.engineer,available,38.99,38.99,high,low,8,namesilo,,,17/09/2026 23:25
103ac16f-4bc4-4234-9952-3e64d440266b,masculine.engineer,available,38.99,38.99,high,low,9,namesilo,,,25/09/2026 17:05
7e0453d8-52d0-4d4c-8dc0-b4c760f77f53,forman.engineer,available,9.85,32.21,high,low,6,dynadot,,,29/09/2026 09:59
de4077f6-45f5-4952-9457-156a14835f99,solvable.engineer,available,38.99,38.99,high,low,8,namesilo,,,27/09/2026 12:17
4e3208ce-d02e-488d-bc47-34d884bdd3ba,aguacate.engineer,available,17.99,56.99,medium,low,8,name.com,,,07/08/2026 23:46
93bc9fca-d3a2-4735-9f53-59de1de0db3f,centrist.engineer,available,17.99,56.99,medium,low,8,name.com,,,12/08/2026 00:14
dde9ceb4-27ce-419c-b0b4-8e28840bf8ba,antitank.engineer,available,17.99,56.99,medium,low,8,name.com,,,05/08/2026 19:44
7bf16c7c-fc9b-498d-9532-63840a4bed5c,blacktail.engineer,available,38.99,38.99,medium,low,9,namesilo,,,23/09/2026 23:51
0c9c4548-60da-4ee1-8417-97c7d1b48aee,michelson.engineer,available,38.99,38.99,medium,low,9,namesilo,,,16/09/2026 12:52
d64c2598-b828-4889-9eba-b428cd252b4e,banshee.engineer,available,38.99,38.99,high,low,7,namesilo,,,22/09/2026 03:09
020f858c-d82c-42b7-9403-cd7f641b027d,squeamish.engineer,available,40.98,52.98,medium,low,9,namecheap,,,04/09/2026 21:24
37b11907-f6d6-43b4-b089-3bca6536ab02,royce.engineer,available,40.98,52.98,high,low,5,namecheap,,,28/09/2026 04:09
75c9c31b-91c7-4cb8-a1c8-56a62f3a8dca,zola.engineer,available,38.99,38.99,medium,low,4,namesilo,,,29/09/2026 12:10
8f6f4760-56c6-499c-9a5c-1aa5e28546b1,gaussian.engineer,available,17.99,56.99,high,low,8,name.com,,,18/08/2026 20:52
8ce16476-d77e-4a0d-bd2c-48efa7977947,sindh.engineer,available,38.99,38.99,medium,low,5,namesilo,,,30/09/2026 13:12
18d6f265-0471-4f76-bd2f-56b734611c15,northridge.engineer,available,38.99,38.99,medium,low,10,namesilo,,,30/09/2026 14:03
fa2996e5-da5f-4272-9c1d-5809dcfcb545,booze.engineer,available,38.99,38.99,medium,low,5,namesilo,,,24/09/2026 07:21
56ff9041-70d1-4bee-8210-4052fa717b0f,intake.engineer,available,38.99,38.99,high,low,6,namesilo,,,29/09/2026 06:09
5501e78d-7bc9-4b5b-82c2-5c6e00c5882a,ternate.engineer,available,38.99,38.99,medium,low,7,namesilo,,,11/09/2026 11:53
4298d816-8166-4e50-81a0-5804350ba9cc,usaid.engineer,available,38.99,38.99,medium,low,5,namesilo,,,28/09/2026 16:09
8140ba2f-f112-4955-89ae-471eca9a1423,undersea.engineer,available,38.99,38.99,high,low,8,namesilo,,,11/09/2026 00:18
51a0522a-98ab-486a-ab88-6a2d61af646b,beldame.engineer,available,38.99,38.99,medium,low,7,namesilo,,,23/09/2026 04:46
4f093b07-2d09-4460-9cb4-294c693729d2,sagely.engineer,available,38.99,38.99,medium,low,6,namesilo,,,16/09/2026 00:31
6265cf2d-419b-42b5-9815-ccb47f0ed798,airpost.engineer,available,40.98,52.98,medium,low,7,namecheap,,,17/09/2026 23:19
78b15c9a-278c-4755-9978-35506c02d33d,epos.engineer,available,17.99,56.99,high,low,4,name.com,,,17/08/2026 10:28
67445ba4-2cfe-48d0-b78d-9f40270b0549,dickens.engineer,available,30.2,30.2,high,low,7,cloudflare,,,29/09/2026 08:15
545677c9-38b8-4499-8de1-3d3d2cb42b02,arbiter.engineer,available,40.98,52.98,high,low,7,namecheap,,,20/09/2026 00:41
2f60784c-b2e7-45ba-8cd0-26dff591c99a,holyoke.engineer,available,38.99,38.99,medium,low,7,namesilo,,,28/09/2026 08:11
04500a07-a9b1-41ad-aece-30e8851fc385,agleam.engineer,available,17.99,56.99,medium,low,6,name.com,,,
41edb5bb-c146-4b88-8414-c96d56d05bc6,stating.engineer,available,31.25,31.25,high,low,7,spaceship,,,01/10/2026 19:25
7ca95ac2-c9fd-40ff-b4ab-5864848e0bfd,chapstick.engineer,available,13.99,,high,low,9,name.com,,,
32e31864-f9f2-474d-98b2-60754578abe8,researching.engineer,available,30.2,30.2,high,low,11,cloudflare,,,29/09/2026 21:29
c37cd7fb-d2fe-4a83-9b5f-b2f966956a26,bloodshot.engineer,available,17.99,56.99,medium,low,9,name.com,,,10/08/2026 15:21
6a71b07b-9b40-434c-8a19-0c0ec71d9029,foreign.engineer,available,17.99,56.99,high,low,7,name.com,,,
f618e3b1-058b-48dc-9bc7-aba9e9fe360d,uboat.engineer,available,38.99,38.99,medium,low,6,namesilo,,,11/09/2026 00:23
a482bd4d-c6a7-429f-b09b-a1efef8b0116,abm.engineer,available,38.99,38.99,high,low,3,namesilo,,,16/09/2026 16:15
b9ea47fb-8349-4627-8d7d-235db41ff138,senator.engineer,available,38.99,38.99,high,low,7,namesilo,,,26/09/2026 00:17
975c3093-a3ca-407b-a2b8-5253bc11ed45,washington.engineer,premium,1035.2,1035.2,high,low,10,spaceship,,,28/09/2026 20:59
03eddf30-de90-4037-a4db-9ef1120c485c,nonsocial.engineer,available,40.98,52.98,medium,low,9,namecheap,,,03/09/2026 19:18
0f20290a-ccf1-41be-9e8c-c4b83fc74cd1,wald.engineer,available,30.2,30.2,high,low,4,cloudflare,,,29/09/2026 21:04
ab05bf09-34e0-4b78-8e85-d99e44c84707,oodles.engineer,available,38.99,38.99,high,low,6,namesilo,,,14/09/2026 23:32
077a12cd-189f-472e-b812-b0686b05b3c2,lakshmi.engineer,available,9.78,31.41,medium,low,7,porkbun,,,30/09/2026 10:22
3600122f-1bd7-4f60-925e-dd8e72970bb0,vixenish.engineer,available,38.99,38.99,medium,low,8,namesilo,,,13/09/2026 06:24
32a2f964-bf8b-4594-9617-e8c86903c2e5,enduring.engineer,available,17.99,56.99,high,low,8,name.com,,,
e45860d7-a105-446e-bc91-36b9a52ac6f8,brisbane.engineer,premium,78,78,high,low,8,namecheap,,,01/10/2026 01:13
91aada4c-5b60-4147-b8f1-be0e6c975be1,plz.engineer,available,13.99,,high,low,3,name.com,,,
1fb72d31-6b59-4ef9-acc4-aa9e37e7b083,palgrave.engineer,available,38.99,38.99,medium,low,8,namesilo,,,01/10/2026 19:38
49a16396-b448-44c4-b10b-55857c6bd5eb,ambiance.engineer,available,38.99,38.99,high,low,8,namesilo,,,18/09/2026 16:40
d1c3b47f-c5d3-42d8-a9e2-7787fe1239c8,obviously.engineer,available,38.99,38.99,high,low,9,namesilo,,,27/09/2026 03:52
6fd3eccd-20f4-494d-a447-5c34b695d247,excavation.engineer,available,38.99,38.99,high,low,10,namesilo,,,20/09/2026 01:55
612e0397-de96-4640-84ec-27161e373e81,avian.engineer,available,17.99,56.99,high,low,5,name.com,,,07/08/2026 23:17
d5493c1a-3eb5-4e22-92a0-53bae7a78bcb,unmannered.engineer,available,17.99,56.99,low,low,10,name.com,,,08/08/2026 07:28
b993b279-1163-4194-9f8b-bfc114678ecb,querulous.engineer,available,38.99,38.99,medium,low,9,namesilo,,,09/09/2026 08:33
8df92426-b197-4802-826e-62433ebee84b,pumped.engineer,available,38.99,38.99,high,low,6,namesilo,,,29/09/2026 03:14
6568afd6-35e1-427d-a0be-bcdf59e25e3e,previously.engineer,available,38.99,38.99,medium,low,10,namesilo,,,28/09/2026 12:13
9c9ae135-0ac3-4dc5-a43f-07f1dd1c9bb0,apparel.engineer,available,38.99,38.99,high,low,7,namesilo,,,28/09/2026 21:48
0c20b764-7455-4e66-929b-6409e6b970d9,jugular.engineer,available,17.99,56.99,medium,low,7,name.com,,,22/08/2026 14:16
402c7503-1bb8-46a1-918f-1c3ea0bf1e6d,weeping.engineer,available,17.99,56.99,high,low,7,name.com,,,12/08/2026 00:52
d1ae7427-8175-4a69-a6e3-66ce9a6e7747,favor.engineer,available,38.99,38.99,high,low,5,namesilo,,,27/09/2026 03:53
d16faf17-3ee2-47da-a34f-5624d8ef1543,hoot.engineer,available,17.99,56.99,high,low,4,name.com,,,13/08/2026 16:12
90ce50d6-ed6e-4398-a3b9-4884db4a2715,blackened.engineer,available,17.99,56.99,medium,low,9,name.com,,,10/08/2026 11:47
7bfb16f6-6044-4972-9cff-81a71bce6963,kit.engineer,resell,,,high,medium,3,Dynadot Inc,03/09/2026 17:01,03/09/2027 17:01,30/09/2026 01:37
8ee08009-6ef9-4649-b5c8-261ce02887b0,improved.engineer,available,17.99,56.99,high,low,8,name.com,,,21/08/2026 23:15
dfcd0f0d-2761-470d-bdc0-3a5e031e8697,attainment.engineer,available,38.99,38.99,high,low,10,namesilo,,,17/09/2026 02:38
a848f51e-555d-4ead-9ccf-4ccb4722ea50,shanghai.engineer,premium,71.4,71.4,high,low,8,namesilo,,,29/09/2026 08:03
58795635-a5f6-4af6-b2ad-e24cc8d77a67,possible.engineer,available,38.99,38.99,high,low,8,namesilo,,,27/09/2026 04:44
8209bb01-32e6-4424-9ece-a3847b7d5d55,sheriffs.engineer,available,9.78,31.41,medium,low,8,porkbun,,,02/10/2026 03:01
05a19fcf-e537-4c75-bd6d-9b547cea935d,therefore.engineer,available,30.2,30.2,medium,low,9,cloudflare,,,28/09/2026 15:07
53d8b2ed-4e45-4b2f-a40f-1558c019d61d,usp.engineer,available,38.99,38.99,high,low,3,namesilo,,,29/09/2026 14:47
596aa092-2149-4b1c-8ac2-c7129670b93f,trasimeno.engineer,available,38.99,38.99,medium,low,9,namesilo,,,22/09/2026 16:12
4d569173-28d2-4767-87b7-0c0f3ee784f5,nano.engineer,premium,1035.2,1035.2,high,medium,4,spaceship,,,29/09/2026 23:17
df7088c1-f387-4992-92cb-58b742e094c4,oldham.engineer,available,40.98,52.98,high,low,6,namecheap,,,28/09/2026 05:16
dc992e16-ef75-4ec3-90ad-45d8cbbf12c7,demonic.engineer,available,17.99,56.99,medium,low,7,name.com,,,14/08/2026 01:26
98bf7265-e61d-46d6-b388-d04a2ef84692,intervention.engineer,available,38.99,38.99,medium,low,12,namesilo,,,29/09/2026 04:42
4fe1bf68-6700-48c1-b954-8fe9a19a9632,suspension.engineer,available,38.99,38.99,high,low,10,namesilo,,,28/09/2026 16:59
804b2308-97ba-4fbe-8425-5b72e5a8cc4b,violation.engineer,available,38.99,38.99,high,low,9,namesilo,,,30/09/2026 00:09
efee551f-7601-4c47-8f4a-dc1ec07a679c,pontiac.engineer,available,9.85,32.21,high,low,7,dynadot,,,01/10/2026 03:20
1ce565bb-c2cd-4ed1-8ee7-0a176ff10232,centrale.engineer,available,31.25,31.25,medium,low,8,spaceship,,,01/10/2026 16:08
5cdb7fd5-3b55-4cce-b507-834ebd5f931c,flicker.engineer,available,9.78,31.41,medium,low,7,porkbun,,,01/10/2026 19:36
167079db-a1fd-48f1-988a-1bdeda30adb9,empathy.engineer,resell,,,high,low,7,,,,30/09/2026 01:30
e8174caf-4064-4b38-8138-620edd227daf,tinned.engineer,available,38.99,38.99,medium,low,6,namesilo,,,11/09/2026 16:17
729720da-d9a4-4f77-aa7b-8486010c89d7,gratuitous.engineer,available,17.99,56.99,medium,low,10,name.com,,,13/08/2026 03:14
ed7da8ad-5c2b-4b18-9b15-f10ac9e99b1e,aditi.engineer,available,38.99,38.99,medium,low,5,namesilo,,,17/09/2026 08:22
52463ce8-fc6e-4472-95de-d52ca34e3d57,cassidy.engineer,available,38.99,38.99,high,low,7,namesilo,,,26/09/2026 03:43
0857eebb-8238-484b-8647-bc61dc08bfa6,jukebox.engineer,available,30.2,30.2,high,low,7,cloudflare,,,30/09/2026 10:20
4bcfc585-a992-4090-a9f6-f677f59d7890,frisky.engineer,available,17.99,56.99,medium,low,6,name.com,,,18/08/2026 16:02
c7aca655-d007-47df-9c7d-d839d79d5e7f,selwyn.engineer,available,9.78,31.41,medium,low,6,porkbun,,,30/09/2026 05:08
1c30020b-1e30-4acb-9841-ee7df5eda30f,simons.engineer,available,38.99,38.99,high,low,6,namesilo,,,27/09/2026 20:33
28a4bde4-cd3c-4a83-a03c-7674b8dfa357,suharto.engineer,available,31.25,31.25,high,low,7,spaceship,,,01/10/2026 03:56
8c1899c6-aa7f-475d-b239-98ca0bbfca76,germicide.engineer,available,17.99,56.99,medium,low,9,name.com,,,
73c7500f-1635-4b69-b555-db09b5bf501b,oft.engineer,available,40.98,52.98,high,low,3,namecheap,,,14/09/2026 20:06
876cbad5-5cdd-4d74-88b8-c15a79a99070,stereotype.engineer,available,30.2,30.2,high,low,10,cloudflare,,,30/09/2026 12:02
75a16e1e-a9fd-442f-bbae-4686a3d8faf9,mat.engineer,premium,71.4,71.4,high,low,3,namesilo,,,08/09/2026 07:48
86b13d9d-6e42-4c11-911e-233a2aa297e2,mastermind.engineer,available,31.25,31.25,high,low,10,spaceship,,,01/10/2026 18:48
2158c799-4872-4def-b1b7-9f2530a063a1,coimbra.engineer,available,31.25,31.25,medium,low,7,spaceship,,,30/09/2026 21:37
3fceaa06-151c-4e12-9b68-dc204ad957e2,battleships.engineer,available,38.99,38.99,medium,low,11,namesilo,,,02/10/2026 03:55
270b5c52-4ac1-4a7d-85cc-3eca03206680,squeeze.engineer,available,17.99,56.99,high,low,7,name.com,,,20/08/2026 22:27
4a4f5124-193f-47d4-8707-7c6d373ddccd,claimant.engineer,available,38.99,38.99,high,low,8,namesilo,,,24/09/2026 15:11
1fa997ba-c6d2-4671-9767-0661d9f1532f,choke.engineer,available,38.99,38.99,medium,low,5,namesilo,,,24/09/2026 14:43
bbf81b24-7198-400b-b75f-6b87a74a600d,repast.engineer,available,9.78,31.41,high,low,6,porkbun,,,02/10/2026 02:34
6c2cd221-c466-4293-bbff-7dc01725402f,dialog.engineer,available,38.99,38.99,high,low,6,namesilo,,,24/09/2026 22:13
099cf9db-8b6d-478d-a614-1c53c3a0c2d8,actinium.engineer,available,40.98,52.98,medium,low,8,namecheap,,,16/09/2026 19:56
2ed76be6-b959-406f-a8cc-641aa7a6d3a3,radioed.engineer,available,38.99,38.99,medium,low,7,namesilo,,,20/09/2026 15:44
c0dae291-5ff0-457b-a320-d07f75c287cf,fiction.engineer,available,9.78,31.41,high,low,7,porkbun,,,29/09/2026 18:50
1009a3c6-3d07-4f00-834d-5dd5e468e9e3,sensing.engineer,available,38.99,38.99,high,low,7,namesilo,,,29/09/2026 14:15
b27d6bd2-8fe7-4b50-aad8-99fd029bf3d5,moab.engineer,available,31.25,31.25,high,low,4,spaceship,,,01/10/2026 05:14
806593ea-1db0-4dcd-8fa2-1fff96debf81,manufacture.engineer,premium,108.9,108.9,high,low,11,dynadot,,,28/09/2026 21:00
bcd10cae-337e-4a7f-a4b2-0d8e52c9e36c,suing.engineer,available,38.99,38.99,medium,low,5,namesilo,,,02/10/2026 03:47
f365a955-d5df-4230-bd51-60e4150afa98,nonuple.engineer,available,38.99,38.99,low,low,7,namesilo,,,03/09/2026 17:30
490c0778-b2ca-455a-a827-33dec6ec349c,recusant.engineer,available,17.99,56.99,medium,low,8,name.com,,,14/08/2026 12:28
af5d8518-7107-4ca1-8691-52ce05e140a1,plastered.engineer,available,17.99,56.99,medium,low,9,name.com,,,09/08/2026 15:43
1150d4e1-a1cd-46e3-b642-598fc1f3409f,casserole.engineer,available,38.99,38.99,high,low,9,namesilo,,,24/09/2026 13:04
6358dda3-f41f-4adc-8109-e22bca2c23dd,henpecked.engineer,available,17.99,56.99,medium,low,9,name.com,,,21/08/2026 06:42
1d506a03-7aea-4e5f-b913-93cb8c0a47b9,breaking.engineer,available,17.99,56.99,high,low,8,name.com,,,25/09/2026 02:26
2e2dc318-2290-4d74-8bac-14289397776e,composure.engineer,available,17.99,56.99,high,low,9,name.com,,,11/08/2026 14:55
f48d5b72-1a43-487f-aa9d-a66a11cec364,cupule.engineer,available,38.99,38.99,medium,low,6,namesilo,,,17/09/2026 02:18
f8d6d578-dfeb-4b14-934c-22ed948fa199,malthusian.engineer,available,17.99,56.99,medium,low,10,name.com,,,24/08/2026 14:17
fb4ef006-46c0-4f27-a02d-12ae5204f6be,sherlock.engineer,available,30.2,30.2,high,low,8,cloudflare,,,28/09/2026 15:08
5393023c-0c47-4649-84eb-985bdba73350,brit.engineer,available,17.99,56.99,high,low,4,name.com,,,11/08/2026 04:52
c29cb0fb-0fad-45f5-b11b-d7360a197cca,fledged.engineer,available,17.99,56.99,medium,low,7,name.com,,,18/08/2026 07:25
03f7eb07-65f5-4e6f-b42e-9fdbdb901252,slovak.engineer,available,40.98,52.98,high,low,6,namecheap,,,25/09/2026 10:44
7dc4ea5d-b844-4306-9c07-71ebb9f4deeb,underling.engineer,available,38.99,38.99,medium,low,9,namesilo,,,11/09/2026 00:39
fd85a484-d2ed-4c9d-9e2c-535e0d0f0ca1,exactly.engineer,available,40.98,52.98,high,low,7,namecheap,,,26/09/2026 00:15
2b3b68de-9871-49d8-9cb7-b806f0e78c4a,stallion.engineer,available,38.99,38.99,high,low,8,namesilo,,,24/09/2026 14:09
cf970c2c-86a9-4817-8c38-b91f2e2d50c4,hackmatack.engineer,available,38.99,38.99,medium,low,10,namesilo,,,22/09/2026 00:09
9239a26d-9bc5-4abc-9bcb-4ed535527574,afternoons.engineer,available,40.98,52.98,medium,low,10,namecheap,,,29/09/2026 10:29
7092e016-ec93-4b22-b7bc-9bfa025dd372,mcdonnell.engineer,available,38.99,38.99,high,low,9,namesilo,,,27/09/2026 02:55
50b16741-456d-472a-a699-bfbfc048e017,reverently.engineer,available,38.99,38.99,medium,low,10,namesilo,,,15/09/2026 23:35
bfe89e62-0734-4193-91f4-d1c2f62d1a26,tabs.engineer,available,38.99,38.99,medium,low,4,namesilo,,,20/09/2026 01:36
56458746-5e4d-402a-9fe9-ec8c8fc08851,dollars.engineer,available,38.99,38.99,high,low,7,namesilo,,,17/09/2026 07:00
3d2e12de-82f9-4357-af9d-91dd4d0c1c77,debauched.engineer,available,17.99,56.99,medium,low,9,name.com,,,13/08/2026 20:14
aebc1d5d-b0fc-4345-b6a1-2fe9a2f2bc39,appraisals.engineer,available,38.99,38.99,medium,low,10,namesilo,,,08/09/2026 07:32
0bb81387-1d8d-483d-a461-19c5d3396f06,direct.engineer,premium,71.4,71.4,high,medium,6,namesilo,,,24/09/2026 10:39
698bbaf2-6efa-444e-8191-bc6cdd0b0478,rubble.engineer,available,31.25,31.25,medium,low,6,spaceship,,,28/09/2026 18:54
933536a3-4312-4324-b0a0-dc6aafd6ee3d,descendant.engineer,available,17.99,56.99,high,low,10,name.com,,,14/08/2026 03:14
b89840bc-fa89-46c4-89ed-35937177f37b,beauties.engineer,available,30.2,30.2,medium,low,8,cloudflare,,,30/09/2026 23:49
a6da5387-86b3-4b13-a606-3750329e905c,motors.engineer,premium,78,78,medium,low,6,namecheap,,,21/09/2026 01:16
6389dfe6-9675-48be-b64f-fafda205f66e,studio.engineer,premium,1107,1107,high,medium,6,namesilo,,,26/09/2026 00:25
661d1953-b452-4af8-a102-e3d8e7fe60d5,smuggle.engineer,available,38.99,38.99,medium,low,7,namesilo,,,01/10/2026 22:13
059bba58-8fe6-43b5-962d-0bfcc078c12e,hoyt.engineer,available,38.99,38.99,medium,low,4,namesilo,,,28/09/2026 08:07
6bcf7773-ddcf-4c27-838a-62aa38986b1a,taboo.engineer,available,17.99,56.99,high,low,5,name.com,,,18/08/2026 11:03
0ea8e24d-82fd-4fae-9d23-285033faf888,millie.engineer,available,38.99,38.99,high,low,6,namesilo,,,29/09/2026 09:08
fea3bae1-4c01-4635-a2de-70a97b5a5eb0,learner.engineer,available,40.98,52.98,high,low,7,namecheap,,,19/09/2026 22:19
9e49f184-00ad-4601-a376-d0e78a890cbb,atp.engineer,available,40.98,52.98,high,low,3,namecheap,,,28/09/2026 18:27
62bb39a8-74f4-42b2-b12d-1444a1f587ee,activist.engineer,available,38.99,38.99,high,low,8,namesilo,,,21/09/2026 16:34
9a32b3e3-2566-4055-8cf7-1d0d11c4e154,bentwood.engineer,available,38.99,38.99,high,low,8,namesilo,,,23/09/2026 08:47
8f3c3480-4bca-4fea-b7a8-2633c24999bb,autogyro.engineer,available,38.99,38.99,high,low,8,namesilo,,,21/09/2026 06:23
06e8e1ff-29f5-4174-b7e5-2cf1d53c28c2,deictic.engineer,available,17.99,56.99,medium,low,7,name.com,,,14/08/2026 00:12
8a5aa6b5-10a0-4965-9263-7a8d62ad3695,creamy.engineer,available,17.99,56.99,high,low,6,name.com,,,13/08/2026 05:45
29df69cf-fe19-4bd5-9ed1-bd0968c924a8,jailhouse.engineer,available,17.99,56.99,medium,low,9,name.com,,,08/09/2026 22:44
bfe60da4-7fce-4b15-b28e-55efee60694e,maritime.engineer,available,17.99,56.99,high,low,8,name.com,,,24/08/2026 16:00
dab071cb-bc8a-46c1-9e14-c35b3cc44a08,moments.engineer,available,40.98,52.98,medium,low,7,namecheap,,,25/09/2026 20:25
982f3160-1396-4471-b723-27e0b216fe06,bowman.engineer,available,38.99,38.99,medium,low,6,namesilo,,,20/09/2026 01:56
3b5d4069-974c-41ce-b2e5-deb91e5bcbbf,sakhalin.engineer,available,31.25,31.25,medium,low,8,spaceship,,,30/09/2026 21:09
d819e1d4-a374-4fab-8389-902934295c04,akha.engineer,available,38.99,38.99,medium,low,4,namesilo,,,17/09/2026 23:55
f08e33d5-9efa-4291-9a39-8cd3834afda1,bestower.engineer,available,38.99,38.99,medium,low,8,namesilo,,,23/09/2026 10:47
e1dd69ed-8dba-43b3-86aa-591f274eb951,azotic.engineer,available,17.99,56.99,medium,low,6,name.com,,,08/08/2026 02:53
91be1cdb-15bf-417b-aad7-b71ac01e058d,laxative.engineer,available,17.99,56.99,high,low,8,name.com,,,22/08/2026 21:25
16fa4732-958c-4dd0-a47d-d2e7b0d2d40a,ssr.engineer,premium,71.4,71.4,high,low,3,namesilo,,,25/09/2026 12:03
c5d506ff-3760-46ff-afc6-9db375a2114e,authors.engineer,available,30.2,30.2,medium,low,7,cloudflare,,,29/09/2026 23:35
6e82d12a-d49a-4c97-8a8c-86a999cb514f,clinic.engineer,available,31.25,31.25,high,low,6,spaceship,,,29/09/2026 10:07
5bc13dd3-a350-4a30-8a71-02e37f68b22c,grips.engineer,available,38.99,38.99,medium,low,5,namesilo,,,02/10/2026 01:51
b052fc34-7435-44d1-9a7f-e578c17041bb,untitled.engineer,available,38.99,38.99,high,low,8,namesilo,,,12/09/2026 11:12
a3dfba76-9fd9-4538-8784-590c13abd13c,won.engineer,available,30.2,30.2,high,low,3,cloudflare,,,28/09/2026 10:43
dd0d1d41-8b16-482b-9013-3dd81fb26aba,resignation.engineer,available,13.99,,high,low,11,name.com,,,
640bd152-389c-4048-b5cc-3c39d88e4feb,biotite.engineer,available,40.98,52.98,medium,low,7,namecheap,,,23/09/2026 19:13
b6f367b7-9a4c-4b78-a73b-289cc120f9fa,overgrowth.engineer,available,31.25,31.25,high,low,10,spaceship,,,01/10/2026 19:47
e1e519ae-34a2-418d-97b4-a04d2d508487,valiantly.engineer,available,38.99,38.99,medium,low,9,namesilo,,,16/09/2026 10:36
fae62bd7-3cdf-474a-a6e9-8b61e7093776,provoke.engineer,available,38.99,38.99,high,low,7,namesilo,,,29/09/2026 22:15
e2817d9a-39cd-4dbb-aad6-a15e3e1b8a6f,devilish.engineer,available,17.99,56.99,medium,low,8,name.com,,,14/08/2026 05:06
1612df57-e731-4f17-b149-0f9162b69fb8,seoul.engineer,premium,71.4,71.4,high,low,5,namesilo,,,29/09/2026 06:58
78016d72-ed03-4653-860c-278f1bed3f2b,carpet.engineer,available,31.25,31.25,high,low,6,spaceship,,,29/09/2026 07:31
47d2fd5c-35b7-460d-99cd-d624b73ffdb1,salacious.engineer,available,17.99,56.99,medium,low,9,name.com,,,23/08/2026 00:40
55d68205-d499-49cc-8aab-140f090422fa,nest.engineer,resell,,,high,medium,4,Dynadot Inc,06/07/2026 17:00,06/07/2027 17:00,29/09/2026 13:00
b954aaae-8e6a-4664-a8a4-6d356a88f53a,caruso.engineer,available,9.85,32.21,medium,low,6,dynadot,,,30/09/2026 01:00
8d06f56b-23ed-467e-97e5-9e2ee09d9c7e,railroads.engineer,available,31.25,31.25,medium,low,9,spaceship,,,30/09/2026 07:33
6c397cc5-dd8b-4d20-952e-694483e93133,heedful.engineer,available,17.99,56.99,medium,low,7,name.com,,,
11ed4ba9-47a7-4439-b993-11bd40379a1b,bergen.engineer,available,38.99,38.99,high,low,6,namesilo,,,23/09/2026 09:19
4885744a-b0ec-4a3e-9cda-25f9b452eb8a,kristina.engineer,available,30.2,30.2,high,low,8,cloudflare,,,30/09/2026 13:17
83dc765b-5f0e-4865-a8a8-2db82410e872,cuvier.engineer,available,38.99,38.99,high,low,6,namesilo,,,22/09/2026 07:06
f726fd03-8a60-4a59-a48d-434145e6136a,fitter.engineer,available,17.99,56.99,high,low,6,name.com,,,18/08/2026 05:48
f43bfbc7-e29a-4d4d-81a2-861c150c6ce0,associated.engineer,available,30.2,30.2,medium,low,10,cloudflare,,,28/09/2026 08:17
9766492d-e362-49c3-90ca-dc6afd968de7,baseborn.engineer,available,17.99,56.99,low,low,8,name.com,,,08/08/2026 21:34
91514ad1-cd7a-4737-92ee-fbf067e64a40,shrinking.engineer,available,38.99,38.99,medium,low,9,namesilo,,,29/09/2026 13:58
e66871b3-82c8-4fc7-8081-6efaa07cdeed,runic.engineer,available,38.99,38.99,medium,low,5,namesilo,,,09/09/2026 19:35
1f420097-ad27-4c25-9bc7-c016b791e5c0,fire.engineer,premium,1300,1300,high,high,4,namecheap,,,24/09/2026 19:12
bcdbd47e-0349-4699-9761-898b5e1d8712,gui.engineer,premium,,,high,low,3,,,,28/09/2026 09:56
4c4265d7-d8d7-412a-bb07-2000f10c0381,assumption.engineer,available,38.99,38.99,medium,low,10,namesilo,,,20/09/2026 16:39
005e89c5-635e-48b4-bf34-5a1ceb8393c5,idyl.engineer,available,38.99,38.99,high,low,4,namesilo,,,08/09/2026 10:13
6a541c50-77a5-4d64-87be-69fcb63390bc,collars.engineer,available,38.99,38.99,medium,low,7,namesilo,,,20/09/2026 09:10
eb075bcf-2421-4698-a1ab-31ae0339dee8,combined.engineer,available,17.99,56.99,high,low,8,name.com,,,12/08/2026 18:36
21cf54df-6195-46c8-a306-a362f33ae168,corrugated.engineer,available,17.99,56.99,medium,low,10,name.com,,,13/08/2026 02:13
db0d6c71-6ff4-4c85-989a-be181573debb,humour.engineer,available,38.99,38.99,high,low,6,namesilo,,,24/09/2026 06:31
56f263b5-ec22-413e-acca-7b03216d907a,lakota.engineer,available,40.98,52.98,high,low,6,namecheap,,,29/09/2026 13:15
c4882653-06b1-47b4-a77e-96ccb15b0981,pupils.engineer,available,31.25,31.25,medium,low,6,spaceship,,,28/09/2026 17:49
a5529a19-3f46-43fb-ac1d-b3b01e195196,thorndike.engineer,available,30.2,30.2,medium,low,9,cloudflare,,,01/10/2026 01:41
a4cb484c-9039-4faa-94b3-3b0edfc57068,gouty.engineer,available,17.99,56.99,medium,low,5,name.com,,,20/08/2026 17:18
5565fe98-eff4-4468-97ef-01fdd3c1342d,thank.engineer,available,31.25,31.25,high,low,5,spaceship,,,30/09/2026 20:04
bd3f58d7-8639-4da6-943b-5e5605887a60,dianne.engineer,available,30.2,30.2,medium,low,6,cloudflare,,,30/09/2026 05:00
415964b6-80a2-4a91-a388-48f52eaa502f,decently.engineer,available,17.99,56.99,medium,low,8,name.com,,,13/08/2026 21:14
b6306be8-1c20-4c37-97ea-18d47de710d6,disraeli.engineer,available,40.98,52.98,medium,low,8,namecheap,,,23/09/2026 08:17
5cbfa0ce-5fff-4837-9aa3-0589c057f879,brits.engineer,available,17.99,56.99,medium,low,5,name.com,,,11/08/2026 04:46
d8b6ebdd-1f00-4ec5-bda0-08c76de5efa4,ontogeny.engineer,available,17.99,56.99,high,low,8,name.com,,,20/08/2026 20:29
a276d4da-90f1-45fa-a9b3-861e4e994955,accompany.engineer,available,40.98,52.98,high,low,9,namecheap,,,24/09/2026 16:41
8996c9dd-9254-49b6-adef-0be7434b1871,stingy.engineer,available,17.99,56.99,medium,low,6,name.com,,,24/08/2026 18:08
a611a06a-b881-4f55-bbd3-8e2779e988bc,phillips.engineer,available,40.98,52.98,high,low,8,namecheap,,,25/09/2026 18:30
8313d6b9-9563-44db-adf2-1a7b6379d899,unexcited.engineer,available,38.99,38.99,medium,low,9,namesilo,,,12/09/2026 09:30
44039d9e-8366-48b0-9592-0a7d1dc31a7d,swelled.engineer,available,38.99,38.99,medium,low,7,namesilo,,,11/09/2026 05:38
ab902e5c-a413-4f1d-8b73-d2a7a0a51310,lossy.engineer,available,17.99,56.99,medium,low,5,name.com,,,24/08/2026 09:58
6bbf0349-96af-48c3-b117-e3d7d54a7c59,yearningly.engineer,available,38.99,38.99,medium,low,10,namesilo,,,15/09/2026 12:56
e8464b75-de9e-4ba9-86b7-441b53a6b15e,moral.engineer,premium,71.4,71.4,high,low,5,namesilo,,,25/09/2026 21:40
879ccd86-9a49-4ae0-93e9-7d537b9081a7,knowingly.engineer,available,38.99,38.99,medium,low,9,namesilo,,,15/09/2026 10:35
fcd19e5c-525a-427b-a9f7-b6ad610b46d2,bradshaw.engineer,available,30.2,30.2,high,low,8,cloudflare,,,27/09/2026 18:05
e73e207c-dc32-42c9-be82-ce7f973bd02e,sunbelt.engineer,premium,62.3,62.3,high,low,7,spaceship,,,30/09/2026 12:19
8e95f400-592f-4872-a913-51ced1b38fd5,intro.engineer,available,38.99,38.99,high,low,5,namesilo,,,30/09/2026 00:18
68633f47-cc6b-4f78-9e86-7c1555799c31,tanks.engineer,available,31.25,31.25,high,low,5,spaceship,,,01/10/2026 02:18
b2fe9474-68c9-4029-9300-771d45286c3a,randolph.engineer,available,38.99,38.99,high,low,8,namesilo,,,25/09/2026 14:59
a2092c88-e1b6-4ec7-96a1-efe3b957669e,adenauer.engineer,available,38.99,38.99,medium,low,8,namesilo,,,17/09/2026 07:24
475b12c0-e404-4261-a157-3738db64ddbf,nhk.engineer,available,9.85,32.21,medium,low,3,dynadot,,,01/10/2026 12:30
c7ecd9d1-3831-4ff9-96c4-c1349df28641,caper.engineer,available,38.99,38.99,high,low,5,namesilo,,,22/09/2026 06:32
92f3d39f-0044-4d80-a816-d753d0ba8be1,genu.engineer,available,38.99,38.99,medium,low,4,namesilo,,,20/09/2026 11:29
ee3bd196-e071-4439-a374-3977c723e7b0,agapornis.engineer,available,38.99,38.99,medium,low,9,namesilo,,,17/09/2026 16:13
72b9e9da-6b5f-42b8-95d7-13f928c7f226,disadvantage.engineer,available,31.25,31.25,high,low,12,spaceship,,,01/10/2026 08:43
24554386-380e-45ad-af08-a9b2e41b59d7,abruzzi.engineer,available,38.99,38.99,medium,low,7,namesilo,,,16/09/2026 17:28
9b13b169-4b5d-4912-933c-6c77465f1065,faa.engineer,available,38.99,38.99,high,low,3,namesilo,,,25/09/2026 05:50
9eb0344f-e777-4bbe-b124-c18f99be2ca2,sanely.engineer,available,38.99,38.99,medium,low,6,namesilo,,,16/09/2026 00:33
4702c743-0958-4a76-b3d9-3eae539f80ba,currawong.engineer,available,38.99,38.99,medium,low,9,namesilo,,,23/09/2026 05:33
1cf7c3ee-4fc3-4fdd-82a4-a7083964e8bc,monica.engineer,available,38.99,38.99,high,low,6,namesilo,,,25/09/2026 13:55
f380e685-67d5-44b6-9258-349372e87ca8,lifting.engineer,available,30.2,30.2,high,low,7,cloudflare,,,28/09/2026 04:32
70a5a9df-4a74-4d65-a8a4-88bef7ddd2d1,montclair.engineer,available,31.25,31.25,medium,low,9,spaceship,,,29/09/2026 04:37
b63a1100-ecd3-4950-8384-6ef486d63c53,singaporean.engineer,available,38.99,38.99,high,low,11,namesilo,,,30/09/2026 11:33
694528e8-46be-4ac0-972d-d99ab83c0e88,herring.engineer,available,31.25,31.25,high,low,7,spaceship,,,30/09/2026 01:03
1e2ca1ef-14e1-4db7-b786-bbfecde11480,mannerism.engineer,available,40.98,52.98,medium,low,9,namecheap,,,17/09/2026 14:14
7aa9fa49-1609-4afb-902f-c0376342484f,mancini.engineer,available,40.98,52.98,medium,low,7,namecheap,,,30/09/2026 13:51
8ce72269-4e06-4959-af60-f9638a60138e,agal.engineer,available,38.99,38.99,medium,low,4,namesilo,,,17/09/2026 16:00
2e57a1f2-b4ec-459e-9b4b-fbd6ff44278b,alfalfa.engineer,available,38.99,38.99,high,low,7,namesilo,,,18/09/2026 06:07
e7b1ba82-f25b-40de-aa75-0608591f9f7a,gee.engineer,available,31.25,31.25,high,low,3,spaceship,,,29/09/2026 20:19
66bc600b-503f-4916-ba6e-4ed42365ba32,saudi.engineer,premium,71.4,71.4,high,low,5,namesilo,,,09/09/2026 21:58
93e015e4-a293-4865-af21-cdf8c1e4a6f8,dodds.engineer,available,38.99,38.99,medium,low,5,namesilo,,,30/09/2026 05:40
e79f14cd-f5fc-4805-af5b-b70b40bb3054,betwixt.engineer,available,38.99,38.99,medium,low,7,namesilo,,,14/09/2026 00:01
ad00ba65-d137-4ee0-b8f2-95a0407125fc,imprecise.engineer,available,17.99,56.99,medium,low,9,name.com,,,21/08/2026 23:00
22bad86c-8aa5-433b-8ea4-84f7e4fa46eb,anther.engineer,available,38.99,38.99,medium,low,6,namesilo,,,19/09/2026 13:08
7acdc1d7-9e8a-4101-a858-8a1e4123d904,pronounce.engineer,available,31.25,31.25,high,low,9,spaceship,,,30/09/2026 19:07
f8f2f2ab-b285-4cb6-9649-1dd3dc075173,tech.engineer,premium,1107,1107,high,medium,4,namesilo,,,01/10/2026 23:54
05b476bb-eda8-41f4-83ac-5449b6b11ba2,exterior.engineer,available,17.99,56.99,high,low,8,name.com,,,17/08/2026 19:05
992ba4f8-7ff1-450e-8cde-df071a3d53db,planate.engineer,available,17.99,56.99,medium,low,7,name.com,,,18/08/2026 06:53
5199a48d-00e0-445a-886d-3ef16988a0f9,panther.engineer,available,38.99,38.99,high,low,7,namesilo,,,29/09/2026 11:45
a2892796-eff6-4878-8c1e-37e5c3e73fae,vectors.engineer,available,67.99,67.99,medium,low,7,godaddy,,,01/10/2026 00:02
30984509-242f-46b5-adf1-43ba8cc1741c,volcanoes.engineer,available,9.78,31.41,medium,low,9,porkbun,,,30/09/2026 15:37
e2ff64c0-0c08-4e33-950a-99458a794ad2,algren.engineer,available,38.99,38.99,medium,low,6,namesilo,,,18/09/2026 07:18
98556d6e-0ab3-4506-b64a-42afc35b2c6f,abbey.engineer,available,38.99,38.99,high,low,5,namesilo,,,16/09/2026 14:25
c121fc5b-1e1c-4f3c-ae15-4edb08b6851f,unwritten.engineer,available,38.99,38.99,high,low,9,namesilo,,,04/09/2026 17:17
5209adaa-247e-4bdf-aaa5-584ef826d910,voting.engineer,available,40.98,52.98,high,low,6,namecheap,,,29/09/2026 00:48
415c8149-be03-45d8-bc4d-447fcf812095,polonium.engineer,available,40.98,52.98,medium,low,8,namecheap,,,20/09/2026 23:54
9159c5ab-c899-4cc5-80ca-264aa3beb843,right.engineer,available,38.99,38.99,high,low,5,namesilo,,,23/09/2026 23:38
d64cbf98-14f2-4cb4-8f76-4269ac5f7cfa,infants.engineer,available,9.78,31.41,medium,low,7,porkbun,,,29/09/2026 23:25
0897e60e-c70d-4bd6-ad18-d5e818b0a49b,kerosene.engineer,available,31.25,31.25,high,low,8,spaceship,,,01/10/2026 18:59
6b74f3a4-520e-438f-9185-b95b2387da18,cambodian.engineer,available,17.99,56.99,high,low,9,name.com,,,11/08/2026 15:40
e2a2c169-e134-47a7-857a-0c02346483cb,corroded.engineer,available,17.99,56.99,medium,low,8,name.com,,,13/08/2026 02:05
9a70e80b-e304-444e-afe0-216344f7ce30,smiling.engineer,available,31.25,31.25,high,low,7,spaceship,,,27/09/2026 23:05
142004e9-98c5-4aa0-a8dd-e2082ead3cf5,melville.engineer,available,38.99,38.99,high,low,8,namesilo,,,25/09/2026 07:18
e2bcd093-dc71-4dac-abd5-63a5e7e2827a,dormie.engineer,available,17.99,56.99,medium,low,6,name.com,,,14/08/2026 16:21
539defa5-0622-42fb-8317-26d91e28b4f0,smelly.engineer,available,17.99,56.99,medium,low,6,name.com,,,18/08/2026 02:31
657a07fd-1df8-480c-ac40-3391c09a93ce,skywards.engineer,available,38.99,38.99,medium,low,8,namesilo,,,10/09/2026 09:51
4e319090-9ae9-4312-b41d-14c4a6e21dca,hooks.engineer,available,38.99,38.99,medium,low,5,namesilo,,,28/09/2026 10:05
c6a07da3-1e68-4d76-90ca-aa0f947c95f7,obtrusive.engineer,available,38.99,38.99,medium,low,9,namesilo,,,04/09/2026 00:07
b943b810-e27e-47c8-8287-e7a57c1c193b,intuitions.engineer,available,40.98,52.98,medium,low,10,namecheap,,,20/09/2026 19:28
aaaddb8d-1cbb-4f82-b144-2b23a3e9cba2,strabismus.engineer,available,40.98,52.98,medium,low,10,namecheap,,,10/09/2026 17:49
b7867d9a-d227-4e8a-98e0-e4f3cd888e0c,alizarine.engineer,available,38.99,38.99,medium,low,9,namesilo,,,18/09/2026 08:13
61a28d22-c29d-4a28-84ff-8fbd4861e145,biome.engineer,available,40.98,52.98,high,low,5,namecheap,,,23/09/2026 18:30
fb8546c3-4738-4ee9-9968-e207fd6ad6e2,witchcraft.engineer,available,31.25,31.25,high,low,10,spaceship,,,28/09/2026 11:06
68abe50e-76ca-49c2-8986-f7bec5baad51,offender.engineer,available,31.25,31.25,medium,low,8,spaceship,,,28/09/2026 20:02
0287d88f-9948-4312-869a-d21757486ed7,naples.engineer,available,38.99,38.99,medium,low,6,namesilo,,,29/09/2026 07:39
cae49e42-9296-467e-abd3-a39bcb5e3e64,pimp.engineer,available,30.2,30.2,medium,low,4,cloudflare,,,29/09/2026 00:52
44073c39-02b9-4d24-8e0b-cd13f21515ce,saturdays.engineer,available,9.78,31.41,medium,low,9,porkbun,,,29/09/2026 15:55
64f2cb77-9eef-48ce-8807-bdb9638ada5f,nosy.engineer,available,38.99,38.99,medium,low,4,namesilo,,,03/09/2026 21:48
1b96a831-9c63-482c-99f3-3ac99e0772f0,chapped.engineer,available,17.99,56.99,medium,low,7,name.com,,,12/08/2026 02:20
b1d51532-bc1d-49b6-854a-3a1f355b0156,weeny.engineer,available,17.99,56.99,high,low,5,name.com,,,10/08/2026 08:22
60dcaf18-7ccd-413d-8821-2b3209cd12f1,cloggy.engineer,available,17.99,56.99,medium,low,6,name.com,,,12/08/2026 11:46
1bd7eb71-ac14-412f-80ac-a74cdd9106ad,orders.engineer,available,17.99,56.99,high,low,6,name.com,,,18/09/2026 14:04
9aeeb0cc-5ea3-4a61-9ba3-f871e7aa7da8,inflation.engineer,available,38.99,38.99,high,low,9,namesilo,,,29/09/2026 07:21
8832b562-55d0-4d27-981f-5a469da80d88,climb.engineer,available,38.99,38.99,high,low,5,namesilo,,,16/09/2026 22:41
53734809-8572-4984-ae09-f2695b1025aa,pray.engineer,available,40.98,52.98,high,low,4,namecheap,,,30/09/2026 15:41
c752c3b3-651e-4803-b64f-c0e7126456c2,prat.engineer,available,17.99,56.99,medium,low,4,name.com,,,09/08/2026 11:18
e7de39f1-2734-4e0e-a7e7-c055b12ba25b,adapting.engineer,available,30.2,30.2,medium,low,8,cloudflare,,,02/10/2026 01:43
d0d2bf79-42f9-451c-bccf-8f944241a1d7,rubidium.engineer,available,38.99,38.99,medium,low,8,namesilo,,,20/09/2026 22:58
05f37550-e076-4f6c-9ee5-d273ac218190,credal.engineer,available,17.99,56.99,medium,low,6,name.com,,,13/08/2026 05:52
6d27f4a6-7002-4ac8-9eb5-947aad4e6855,ammonite.engineer,available,38.99,38.99,high,low,8,namesilo,,,18/09/2026 22:08
c8e122f0-fcc1-44a3-b625-2d3063c30c28,scarf.engineer,available,9.78,31.41,high,low,5,porkbun,,,28/09/2026 20:23
d03a1264-565e-42ab-80ed-33fa0d4a25ce,defects.engineer,available,38.99,38.99,medium,low,7,namesilo,,,30/09/2026 07:05
22542da9-5b1c-4ff9-9264-adcdd622f50e,bosky.engineer,available,17.99,56.99,medium,low,5,name.com,,,10/08/2026 20:17
19aa58e4-57b0-41ae-bf01-58c5233b42b0,marysville.engineer,available,38.99,38.99,medium,low,10,namesilo,,,30/09/2026 05:38